timestamp,latitude,longitude,locked
20250715_153133.795026,0.0,0.0,searching
20250715_153135.627316,0.0,0.0,searching
20250715_153136.087333,0.0,0.0,searching
20250715_153136.431825,0.0,0.0,searching
20250715_153136.863540,0.0,0.0,searching
20250715_153137.193209,0.0,0.0,searching
20250715_153137.525009,0.0,0.0,searching
20250715_153137.867347,0.0,0.0,searching
20250715_153138.210513,45.87072333333334,8.981468333333334,locked
20250715_153138.548834,0.0,0.0,searching
20250715_153138.882584,0.0,0.0,searching
20250715_153139.212395,0.0,0.0,searching
20250715_153139.541786,0.0,0.0,searching
20250715_153139.870634,45.87072333333334,8.981468333333334,locked
20250715_153140.197920,0.0,0.0,searching
20250715_153140.527612,0.0,0.0,searching
20250715_153140.852864,0.0,0.0,searching
20250715_153141.206118,0.0,0.0,searching
20250715_153141.562641,0.0,0.0,searching
20250715_153141.915847,45.87072333333334,8.981468333333334,locked
20250715_153142.247346,0.0,0.0,searching
20250715_153142.579578,0.0,0.0,searching
20250715_153142.909565,0.0,0.0,searching
20250715_153143.239560,0.0,0.0,searching
20250715_153143.565777,0.0,0.0,searching
20250715_153143.906116,0.0,0.0,searching
20250715_153144.246591,0.0,0.0,searching
20250715_153144.591207,0.0,0.0,searching
20250715_153144.940022,0.0,0.0,searching
20250715_153145.455150,0.0,0.0,searching
20250715_153145.800900,45.870736666666666,8.98148,locked
20250715_153146.243185,0.0,0.0,searching
20250715_153146.589079,0.0,0.0,searching
20250715_153147.017948,0.0,0.0,searching
20250715_153147.349572,0.0,0.0,searching
20250715_153147.697476,0.0,0.0,searching
20250715_153148.036982,45.870738333333335,8.981485,locked
20250715_153148.372586,0.0,0.0,searching
20250715_153148.703544,0.0,0.0,searching
20250715_153149.038738,0.0,0.0,searching
20250715_153149.368711,0.0,0.0,searching
20250715_153149.692444,0.0,0.0,searching
20250715_153150.029720,45.87074166666666,8.981488333333335,locked
20250715_153150.364236,0.0,0.0,searching
20250715_153150.712959,0.0,0.0,searching
20250715_153151.055052,0.0,0.0,searching
20250715_153151.396008,0.0,0.0,searching
20250715_153151.741916,0.0,0.0,searching
20250715_153152.085016,45.87074500000001,8.981491666666667,locked
20250715_153152.422857,0.0,0.0,searching
20250715_153152.759695,0.0,0.0,searching
20250715_153153.102956,0.0,0.0,searching
20250715_153153.466101,0.0,0.0,searching
20250715_153153.811401,0.0,0.0,searching
20250715_153154.157955,45.870746666666676,8.981496666666667,locked
20250715_153154.498352,0.0,0.0,searching
20250715_153154.826970,0.0,0.0,searching
20250715_153155.162774,0.0,0.0,searching
20250715_153155.493593,0.0,0.0,searching
20250715_153155.826774,0.0,0.0,searching
20250715_153156.164314,0.0,0.0,searching
20250715_153156.512454,0.0,0.0,searching
20250715_153156.860335,0.0,0.0,searching
20250715_153157.200783,0.0,0.0,searching
20250715_153157.528963,0.0,0.0,searching
20250715_153157.867752,0.0,0.0,searching
20250715_153158.204828,0.0,0.0,searching
20250715_153158.534456,0.0,0.0,searching
20250715_153158.883578,0.0,0.0,searching
20250715_153159.212815,0.0,0.0,searching
20250715_153159.549832,0.0,0.0,searching
20250715_153159.882772,0.0,0.0,searching
20250715_153200.214082,0.0,0.0,searching
20250715_153200.548211,0.0,0.0,searching
20250715_153200.879909,0.0,0.0,searching
20250715_153201.215675,0.0,0.0,searching
20250715_153201.576075,0.0,0.0,searching
20250715_153201.904597,0.0,0.0,searching
20250715_153202.231836,0.0,0.0,searching
20250715_153202.565742,0.0,0.0,searching
20250715_153202.920404,0.0,0.0,searching
20250715_153203.253488,0.0,0.0,searching
20250715_153203.585861,0.0,0.0,searching
20250715_153203.927248,0.0,0.0,searching
20250715_153204.271957,0.0,0.0,searching
20250715_153204.610681,0.0,0.0,searching
20250715_153204.949105,0.0,0.0,searching
20250715_153205.287872,0.0,0.0,searching
20250715_153205.638840,0.0,0.0,searching
20250715_153205.975094,0.0,0.0,searching
20250715_153206.307454,0.0,0.0,searching
20250715_153206.663291,0.0,0.0,searching
20250715_153206.997871,0.0,0.0,searching
20250715_153207.333352,0.0,0.0,searching
20250715_153207.668233,0.0,0.0,searching
20250715_153208.008848,0.0,0.0,searching
20250715_153208.343114,0.0,0.0,searching
20250715_153208.673158,0.0,0.0,searching
20250715_153209.012056,0.0,0.0,searching
20250715_153209.342312,0.0,0.0,searching
20250715_153209.679583,0.0,0.0,searching
20250715_153210.055030,0.0,0.0,searching
20250715_153210.443207,0.0,0.0,searching
20250715_153210.775861,0.0,0.0,searching
20250715_153211.106962,0.0,0.0,searching
20250715_153211.433418,0.0,0.0,searching
20250715_153211.781875,0.0,0.0,searching
20250715_153212.117234,0.0,0.0,searching
20250715_153212.465985,0.0,0.0,searching
20250715_153212.792821,0.0,0.0,searching
20250715_153213.125045,0.0,0.0,searching
20250715_153213.456344,0.0,0.0,searching
20250715_153213.782520,0.0,0.0,searching
20250715_153214.116802,0.0,0.0,searching
20250715_153214.453090,0.0,0.0,searching
20250715_153214.785503,0.0,0.0,searching
20250715_153215.111474,0.0,0.0,searching
20250715_153215.441788,0.0,0.0,searching
20250715_153215.770322,0.0,0.0,searching
20250715_153216.113320,0.0,0.0,searching
20250715_153216.451627,0.0,0.0,searching
20250715_153216.802616,0.0,0.0,searching
20250715_153217.138429,0.0,0.0,searching
20250715_153217.467649,0.0,0.0,searching
20250715_153217.803404,0.0,0.0,searching
20250715_153218.135336,0.0,0.0,searching
20250715_153218.470412,0.0,0.0,searching
20250715_153218.806395,0.0,0.0,searching
20250715_153219.142244,0.0,0.0,searching
20250715_153219.475341,0.0,0.0,searching
20250715_153219.808752,0.0,0.0,searching
20250715_153220.147961,0.0,0.0,searching
20250715_153220.484696,0.0,0.0,searching
20250715_153220.808014,0.0,0.0,searching
20250715_153221.147306,0.0,0.0,searching
20250715_153221.482422,0.0,0.0,searching
20250715_153221.829641,0.0,0.0,searching
20250715_153222.178743,0.0,0.0,searching
20250715_153222.522351,0.0,0.0,searching
20250715_153222.872327,0.0,0.0,searching
20250715_153223.222989,0.0,0.0,searching
20250715_153223.562639,0.0,0.0,searching
20250715_153223.893481,0.0,0.0,searching
20250715_153224.237528,0.0,0.0,searching
20250715_153224.584748,0.0,0.0,searching
20250715_153224.917123,0.0,0.0,searching
20250715_153225.256058,0.0,0.0,searching
20250715_153225.595666,0.0,0.0,searching
20250715_153225.939326,0.0,0.0,searching
20250715_153226.276756,0.0,0.0,searching
20250715_153226.632612,0.0,0.0,searching
20250715_153226.965405,0.0,0.0,searching
20250715_153227.297143,0.0,0.0,searching
20250715_153227.629006,0.0,0.0,searching
20250715_153227.959901,0.0,0.0,searching
20250715_153228.299486,0.0,0.0,searching
20250715_153228.629127,0.0,0.0,searching
20250715_153228.965626,0.0,0.0,searching
20250715_153229.300817,0.0,0.0,searching
20250715_153229.642080,0.0,0.0,searching
20250715_153229.976502,0.0,0.0,searching
20250715_153230.304982,0.0,0.0,searching
20250715_153230.636472,0.0,0.0,searching
20250715_153230.972802,0.0,0.0,searching
20250715_153231.302777,0.0,0.0,searching
20250715_153231.648106,0.0,0.0,searching
20250715_153231.980196,0.0,0.0,searching
20250715_153232.325257,0.0,0.0,searching
20250715_153232.667156,0.0,0.0,searching
20250715_153233.006724,0.0,0.0,searching
20250715_153233.345526,0.0,0.0,searching
20250715_153233.678497,0.0,0.0,searching
20250715_153234.011931,0.0,0.0,searching
20250715_153234.352481,0.0,0.0,searching
20250715_153234.684985,0.0,0.0,searching
20250715_153235.016001,0.0,0.0,searching
20250715_153235.367327,0.0,0.0,searching
20250715_153235.717005,0.0,0.0,searching
20250715_153236.061118,0.0,0.0,searching
20250715_153236.398439,0.0,0.0,searching
20250715_153236.752268,0.0,0.0,searching
20250715_153237.094187,0.0,0.0,searching
20250715_153237.422287,0.0,0.0,searching
20250715_153237.758557,0.0,0.0,searching
20250715_153238.099672,0.0,0.0,searching
20250715_153238.441244,0.0,0.0,searching
20250715_153238.774687,0.0,0.0,searching
20250715_153239.123225,0.0,0.0,searching
20250715_153239.468400,0.0,0.0,searching
20250715_153239.864626,0.0,0.0,searching
20250715_153240.219171,0.0,0.0,searching
20250715_153240.551569,0.0,0.0,searching
20250715_153240.887037,0.0,0.0,searching
20250715_153241.222160,0.0,0.0,searching
20250715_153241.570669,0.0,0.0,searching
20250715_153241.905311,0.0,0.0,searching
20250715_153242.236408,0.0,0.0,searching
20250715_153242.568729,0.0,0.0,searching
20250715_153242.896736,0.0,0.0,searching
20250715_153243.233318,0.0,0.0,searching
20250715_153243.568119,0.0,0.0,searching
20250715_153243.903873,0.0,0.0,searching
20250715_153244.243352,0.0,0.0,searching
20250715_153244.583586,0.0,0.0,searching
20250715_153244.924184,0.0,0.0,searching
20250715_153245.257953,0.0,0.0,searching
20250715_153245.584378,0.0,0.0,searching
20250715_153245.913731,0.0,0.0,searching
20250715_153246.248325,0.0,0.0,searching
20250715_153246.595897,0.0,0.0,searching
20250715_153246.921729,0.0,0.0,searching
20250715_153247.245429,0.0,0.0,searching
20250715_153247.577023,0.0,0.0,searching
20250715_153247.901345,0.0,0.0,searching
20250715_153248.236058,0.0,0.0,searching
20250715_153248.563556,0.0,0.0,searching
20250715_153248.893596,0.0,0.0,searching
20250715_153249.225662,0.0,0.0,searching
20250715_153249.552284,0.0,0.0,searching
20250715_153249.877928,0.0,0.0,searching
20250715_153250.210558,0.0,0.0,searching
20250715_153250.542738,0.0,0.0,searching
20250715_153250.875772,0.0,0.0,searching
20250715_153251.210881,0.0,0.0,searching
20250715_153251.564937,0.0,0.0,searching
20250715_153251.901497,0.0,0.0,searching
20250715_153252.239978,0.0,0.0,searching
20250715_153252.584907,0.0,0.0,searching
20250715_153252.922363,0.0,0.0,searching
20250715_153253.254201,0.0,0.0,searching
20250715_153253.587698,0.0,0.0,searching
20250715_153253.934381,0.0,0.0,searching
20250715_153254.274971,0.0,0.0,searching
20250715_153254.620352,0.0,0.0,searching
20250715_153254.958299,0.0,0.0,searching
20250715_153255.296676,0.0,0.0,searching
20250715_153255.637089,0.0,0.0,searching
20250715_153255.988575,0.0,0.0,searching
20250715_153256.324956,0.0,0.0,searching
20250715_153256.671873,0.0,0.0,searching
20250715_153257.006730,0.0,0.0,searching
20250715_153257.345079,0.0,0.0,searching
20250715_153257.683362,0.0,0.0,searching
20250715_153258.020284,0.0,0.0,searching
20250715_153258.353262,0.0,0.0,searching
20250715_153258.693415,0.0,0.0,searching
20250715_153259.034909,0.0,0.0,searching
20250715_153259.368348,0.0,0.0,searching
20250715_153259.701825,0.0,0.0,searching
20250715_153300.049560,0.0,0.0,searching
20250715_153300.389510,0.0,0.0,searching
20250715_153300.721368,0.0,0.0,searching
20250715_153301.058062,0.0,0.0,searching
20250715_153301.395457,0.0,0.0,searching
20250715_153301.745665,0.0,0.0,searching
20250715_153302.080187,0.0,0.0,searching
20250715_153302.415642,0.0,0.0,searching
20250715_153302.752288,0.0,0.0,searching
20250715_153303.087877,0.0,0.0,searching
20250715_153303.417595,0.0,0.0,searching
20250715_153303.750052,0.0,0.0,searching
20250715_153304.091703,0.0,0.0,searching
20250715_153304.422993,0.0,0.0,searching
20250715_153304.760247,0.0,0.0,searching
20250715_153305.095680,0.0,0.0,searching
20250715_153305.430298,0.0,0.0,searching
20250715_153305.787019,0.0,0.0,searching
20250715_153306.122254,0.0,0.0,searching
20250715_153306.467589,0.0,0.0,searching
20250715_153306.811548,0.0,0.0,searching
20250715_153307.148399,0.0,0.0,searching
20250715_153307.493799,0.0,0.0,searching
20250715_153307.836381,0.0,0.0,searching
20250715_153308.234848,0.0,0.0,searching
20250715_153308.570545,0.0,0.0,searching
20250715_153308.915881,0.0,0.0,searching
20250715_153309.250637,0.0,0.0,searching
20250715_153309.578684,0.0,0.0,searching
20250715_153309.906975,0.0,0.0,searching
20250715_153310.234243,0.0,0.0,searching
20250715_153310.568067,0.0,0.0,searching
20250715_153310.902455,0.0,0.0,searching
20250715_153311.239730,0.0,0.0,searching
20250715_153311.588790,0.0,0.0,searching
20250715_153311.929110,0.0,0.0,searching
20250715_153312.272874,0.0,0.0,searching
20250715_153312.606747,0.0,0.0,searching
20250715_153312.936503,0.0,0.0,searching
20250715_153313.280147,0.0,0.0,searching
20250715_153313.614841,0.0,0.0,searching
20250715_153313.945567,0.0,0.0,searching
20250715_153314.280762,0.0,0.0,searching
20250715_153314.620495,0.0,0.0,searching
20250715_153314.963303,0.0,0.0,searching
20250715_153315.307062,0.0,0.0,searching
20250715_153315.649287,0.0,0.0,searching
20250715_153315.986763,0.0,0.0,searching
20250715_153316.324996,0.0,0.0,searching
20250715_153316.683549,0.0,0.0,searching
20250715_153317.023853,0.0,0.0,searching
20250715_153317.379573,0.0,0.0,searching
20250715_153317.729096,0.0,0.0,searching
20250715_153318.073886,0.0,0.0,searching
20250715_153318.411515,0.0,0.0,searching
20250715_153318.745278,0.0,0.0,searching
20250715_153319.077373,0.0,0.0,searching
20250715_153319.408024,0.0,0.0,searching
20250715_153319.741532,0.0,0.0,searching
20250715_153320.073558,0.0,0.0,searching
20250715_153320.408301,45.870713333333335,8.979908333333332,locked
20250715_153320.741538,0.0,0.0,searching
20250715_153321.076957,0.0,0.0,searching
20250715_153321.412728,0.0,0.0,searching
20250715_153321.762676,0.0,0.0,searching
20250715_153322.094104,0.0,0.0,searching
20250715_153322.432579,45.870705,8.979858333333334,locked
20250715_153322.766012,0.0,0.0,searching
20250715_153323.092317,0.0,0.0,searching
20250715_153323.435917,0.0,0.0,searching
20250715_153323.770026,0.0,0.0,searching
20250715_153324.113075,0.0,0.0,searching
20250715_153324.448313,45.87070000000001,8.979845000000001,locked
20250715_153324.781669,0.0,0.0,searching
20250715_153325.115663,0.0,0.0,searching
20250715_153325.452037,0.0,0.0,searching
20250715_153325.794588,0.0,0.0,searching
20250715_153326.132960,0.0,0.0,searching
20250715_153326.468413,45.87069499999999,8.979831666666666,locked
20250715_153326.824621,0.0,0.0,searching
20250715_153327.166678,0.0,0.0,searching
20250715_153327.505339,0.0,0.0,searching
20250715_153327.841918,0.0,0.0,searching
20250715_153328.182263,0.0,0.0,searching
20250715_153328.516157,45.870689999999996,8.97982,locked
20250715_153328.851750,0.0,0.0,searching
20250715_153329.198270,0.0,0.0,searching
20250715_153329.541564,0.0,0.0,searching
20250715_153329.874194,0.0,0.0,searching
20250715_153330.206871,0.0,0.0,searching
20250715_153330.536032,45.87068666666667,8.979809999999999,locked
20250715_153330.880944,0.0,0.0,searching
20250715_153331.217509,0.0,0.0,searching
20250715_153331.559260,0.0,0.0,searching
20250715_153331.905038,0.0,0.0,searching
20250715_153332.245577,0.0,0.0,searching
20250715_153332.587435,45.870689999999996,8.979806666666667,locked
20250715_153332.918368,0.0,0.0,searching
20250715_153333.269389,0.0,0.0,searching
20250715_153333.603150,0.0,0.0,searching
20250715_153333.939726,0.0,0.0,searching
20250715_153334.281185,0.0,0.0,searching
20250715_153334.631114,45.870691666666666,8.979800000000001,locked
20250715_153335.020103,0.0,0.0,searching
20250715_153335.355883,0.0,0.0,searching
20250715_153335.685697,0.0,0.0,searching
20250715_153336.047862,0.0,0.0,searching
20250715_153336.392627,0.0,0.0,searching
20250715_153336.748928,45.870691666666666,8.979790000000001,locked
20250715_153337.086578,0.0,0.0,searching
20250715_153337.425235,0.0,0.0,searching
20250715_153337.764296,0.0,0.0,searching
20250715_153338.103540,0.0,0.0,searching
20250715_153338.447471,0.0,0.0,searching
20250715_153338.775559,45.870693333333335,8.979783333333334,locked
20250715_153339.108835,0.0,0.0,searching
20250715_153339.437871,0.0,0.0,searching
20250715_153339.768408,0.0,0.0,searching
20250715_153340.100243,0.0,0.0,searching
20250715_153340.459525,0.0,0.0,searching
20250715_153340.803815,45.87069499999999,8.979773333333332,locked
20250715_153341.136683,0.0,0.0,searching
20250715_153341.472519,0.0,0.0,searching
20250715_153341.822271,0.0,0.0,searching
20250715_153342.165689,0.0,0.0,searching
20250715_153342.509352,0.0,0.0,searching
20250715_153342.846316,45.870693333333335,8.979763333333333,locked
20250715_153343.181836,0.0,0.0,searching
20250715_153343.516540,0.0,0.0,searching
20250715_153343.854989,0.0,0.0,searching
20250715_153344.188538,0.0,0.0,searching
20250715_153344.524014,0.0,0.0,searching
20250715_153344.866472,45.870689999999996,8.97975,locked
20250715_153345.204021,0.0,0.0,searching
20250715_153345.542345,0.0,0.0,searching
20250715_153345.875093,0.0,0.0,searching
20250715_153346.226074,0.0,0.0,searching
20250715_153346.577982,0.0,0.0,searching
20250715_153346.924976,0.0,0.0,searching
20250715_153347.249012,0.0,0.0,searching
20250715_153347.576205,0.0,0.0,searching
20250715_153347.902169,0.0,0.0,searching
20250715_153348.236694,0.0,0.0,searching
20250715_153348.561375,0.0,0.0,searching
20250715_153348.883166,0.0,0.0,searching
20250715_153349.213866,0.0,0.0,searching
20250715_153349.540628,0.0,0.0,searching
20250715_153349.867949,0.0,0.0,searching
20250715_153350.197089,0.0,0.0,searching
20250715_153350.536892,0.0,0.0,searching
20250715_153350.861019,0.0,0.0,searching
20250715_153351.189201,0.0,0.0,searching
20250715_153351.538622,0.0,0.0,searching
20250715_153351.874674,0.0,0.0,searching
20250715_153352.201240,0.0,0.0,searching
20250715_153352.528867,0.0,0.0,searching
20250715_153352.860067,0.0,0.0,searching
20250715_153353.182907,0.0,0.0,searching
20250715_153353.519573,0.0,0.0,searching
20250715_153353.849318,0.0,0.0,searching
20250715_153354.175007,0.0,0.0,searching
20250715_153354.500143,0.0,0.0,searching
20250715_153354.827856,0.0,0.0,searching
20250715_153355.153111,0.0,0.0,searching
20250715_153355.479993,0.0,0.0,searching
20250715_153355.815021,0.0,0.0,searching
20250715_153356.145757,0.0,0.0,searching
20250715_153356.476568,0.0,0.0,searching
20250715_153356.813707,45.87063,8.979436666666667,locked
20250715_153357.145591,0.0,0.0,searching
20250715_153357.477238,0.0,0.0,searching
20250715_153357.819308,0.0,0.0,searching
20250715_153358.158708,0.0,0.0,searching
20250715_153358.493043,0.0,0.0,searching
20250715_153358.825514,45.87066166666667,8.979356666666666,locked
20250715_153359.174737,0.0,0.0,searching
20250715_153359.510517,0.0,0.0,searching
20250715_153359.842619,0.0,0.0,searching
20250715_153400.173093,0.0,0.0,searching
20250715_153400.507195,0.0,0.0,searching
20250715_153400.846863,45.87069666666666,8.979268333333332,locked
20250715_153401.175961,0.0,0.0,searching
20250715_153401.507097,0.0,0.0,searching
20250715_153401.843118,0.0,0.0,searching
20250715_153402.173326,0.0,0.0,searching
20250715_153402.504462,0.0,0.0,searching
20250715_153402.839686,45.87074166666666,8.979183333333333,locked
20250715_153403.177803,0.0,0.0,searching
20250715_153403.543466,0.0,0.0,searching
20250715_153403.912617,0.0,0.0,searching
20250715_153404.253286,0.0,0.0,searching
20250715_153404.597448,0.0,0.0,searching
20250715_153404.922254,45.870756666666665,8.979161666666666,locked
20250715_153405.250536,0.0,0.0,searching
20250715_153405.584828,0.0,0.0,searching
20250715_153405.917573,0.0,0.0,searching
20250715_153406.266705,0.0,0.0,searching
20250715_153406.611659,0.0,0.0,searching
20250715_153406.934085,45.87077333333333,8.979138333333333,locked
20250715_153407.271670,0.0,0.0,searching
20250715_153407.603322,0.0,0.0,searching
20250715_153407.933967,0.0,0.0,searching
20250715_153408.263045,0.0,0.0,searching
20250715_153408.585118,0.0,0.0,searching
20250715_153408.922159,45.87078499999999,8.979125,locked
20250715_153409.259004,0.0,0.0,searching
20250715_153409.584545,0.0,0.0,searching
20250715_153409.915691,0.0,0.0,searching
20250715_153410.241127,0.0,0.0,searching
20250715_153410.570679,0.0,0.0,searching
20250715_153410.900986,45.870801666666665,8.979106666666667,locked
20250715_153411.245533,0.0,0.0,searching
20250715_153411.599691,0.0,0.0,searching
20250715_153411.927856,0.0,0.0,searching
20250715_153412.264006,0.0,0.0,searching
20250715_153412.598913,0.0,0.0,searching
20250715_153412.926633,0.0,0.0,searching
20250715_153413.264390,0.0,0.0,searching
20250715_153413.593176,0.0,0.0,searching
20250715_153413.932053,0.0,0.0,searching
20250715_153414.276233,45.87082999999999,8.979065,locked
20250715_153414.607080,0.0,0.0,searching
20250715_153414.936531,0.0,0.0,searching
20250715_153415.265541,0.0,0.0,searching
20250715_153415.599017,0.0,0.0,searching
20250715_153415.942287,0.0,0.0,searching
20250715_153416.279883,45.87083833333333,8.979045000000001,locked
20250715_153416.640732,0.0,0.0,searching
20250715_153416.976073,0.0,0.0,searching
20250715_153417.309223,0.0,0.0,searching
20250715_153417.642217,0.0,0.0,searching
20250715_153417.972198,0.0,0.0,searching
20250715_153418.301338,45.87083833333333,8.979026666666666,locked
20250715_153418.630039,0.0,0.0,searching
20250715_153418.964689,0.0,0.0,searching
20250715_153419.289166,0.0,0.0,searching
20250715_153419.620408,0.0,0.0,searching
20250715_153419.945208,0.0,0.0,searching
20250715_153420.278571,45.87083833333333,8.979025,locked
20250715_153420.616565,0.0,0.0,searching
20250715_153420.947135,0.0,0.0,searching
20250715_153421.279112,0.0,0.0,searching
20250715_153421.622065,0.0,0.0,searching
20250715_153421.954433,0.0,0.0,searching
20250715_153422.286236,45.87084166666667,8.979023333333334,locked
20250715_153422.618150,0.0,0.0,searching
20250715_153422.946133,0.0,0.0,searching
20250715_153423.276326,0.0,0.0,searching
20250715_153423.604849,0.0,0.0,searching
20250715_153423.927498,0.0,0.0,searching
20250715_153424.252851,45.87084166666667,8.979015,locked
20250715_153424.571135,0.0,0.0,searching
20250715_153424.890727,0.0,0.0,searching
20250715_153425.223335,0.0,0.0,searching
20250715_153425.545692,0.0,0.0,searching
20250715_153425.866967,0.0,0.0,searching
20250715_153426.188408,45.87083500000001,8.979011666666667,locked
20250715_153426.520997,0.0,0.0,searching
20250715_153426.857578,0.0,0.0,searching
20250715_153427.188078,0.0,0.0,searching
20250715_153427.518940,0.0,0.0,searching
20250715_153427.853293,0.0,0.0,searching
20250715_153428.184693,45.870828333333336,8.979001666666667,locked
20250715_153428.517967,0.0,0.0,searching
20250715_153428.893273,0.0,0.0,searching
20250715_153429.248105,0.0,0.0,searching
20250715_153429.580437,0.0,0.0,searching
20250715_153429.918341,0.0,0.0,searching
20250715_153430.242380,45.87081666666666,8.978996666666665,locked
20250715_153430.568443,0.0,0.0,searching
20250715_153430.893125,0.0,0.0,searching
20250715_153431.214572,0.0,0.0,searching
20250715_153431.559270,0.0,0.0,searching
20250715_153431.893361,0.0,0.0,searching
20250715_153432.219098,45.870806666666674,8.978983333333334,locked
20250715_153432.556525,0.0,0.0,searching
20250715_153432.886268,0.0,0.0,searching
20250715_153433.231106,0.0,0.0,searching
20250715_153433.566116,0.0,0.0,searching
20250715_153433.899129,0.0,0.0,searching
20250715_153434.233190,45.87079833333334,8.978975,locked
20250715_153434.568006,0.0,0.0,searching
20250715_153434.903066,0.0,0.0,searching
20250715_153435.257167,0.0,0.0,searching
20250715_153435.601990,0.0,0.0,searching
20250715_153435.941337,0.0,0.0,searching
20250715_153436.297280,45.87078833333333,8.978964999999999,locked
20250715_153436.647107,0.0,0.0,searching
20250715_153436.988471,0.0,0.0,searching
20250715_153437.328006,0.0,0.0,searching
20250715_153437.670152,0.0,0.0,searching
20250715_153438.011039,0.0,0.0,searching
20250715_153438.344441,45.870775,8.978956666666667,locked
20250715_153438.677006,0.0,0.0,searching
20250715_153439.020734,0.0,0.0,searching
20250715_153439.353782,0.0,0.0,searching
20250715_153439.701477,0.0,0.0,searching
20250715_153440.030246,0.0,0.0,searching
20250715_153440.369509,45.87076333333333,8.978943333333332,locked
20250715_153440.695222,0.0,0.0,searching
20250715_153441.024531,0.0,0.0,searching
20250715_153441.360583,0.0,0.0,searching
20250715_153441.716310,0.0,0.0,searching
20250715_153442.047611,0.0,0.0,searching
20250715_153442.380897,45.87075166666667,8.978933333333334,locked
20250715_153442.713589,0.0,0.0,searching
20250715_153443.049827,0.0,0.0,searching
20250715_153443.383970,0.0,0.0,searching
20250715_153443.722599,0.0,0.0,searching
20250715_153444.054462,0.0,0.0,searching
20250715_153444.404016,45.87073999999999,8.978925,locked
20250715_153444.732077,0.0,0.0,searching
20250715_153445.062505,0.0,0.0,searching
20250715_153445.387892,0.0,0.0,searching
20250715_153445.715492,0.0,0.0,searching
20250715_153446.041874,0.0,0.0,searching
20250715_153446.367857,45.87073166666667,8.978918333333333,locked
20250715_153446.712475,0.0,0.0,searching
20250715_153447.047052,0.0,0.0,searching
20250715_153447.380120,0.0,0.0,searching
20250715_153447.713144,0.0,0.0,searching
20250715_153448.042693,0.0,0.0,searching
20250715_153448.377694,45.87072,8.978906666666667,locked
20250715_153448.711231,0.0,0.0,searching
20250715_153449.039722,0.0,0.0,searching
20250715_153449.377911,0.0,0.0,searching
20250715_153449.708738,0.0,0.0,searching
20250715_153450.042499,0.0,0.0,searching
20250715_153450.373169,45.870709999999995,8.978898333333332,locked
20250715_153450.706877,0.0,0.0,searching
20250715_153451.035336,0.0,0.0,searching
20250715_153451.363538,0.0,0.0,searching
20250715_153451.717362,0.0,0.0,searching
20250715_153452.057243,0.0,0.0,searching
20250715_153452.389782,45.87069833333333,8.97889,locked
20250715_153452.722645,0.0,0.0,searching
20250715_153453.052228,0.0,0.0,searching
20250715_153453.394043,0.0,0.0,searching
20250715_153453.723692,0.0,0.0,searching
20250715_153454.056673,0.0,0.0,searching
20250715_153454.385487,45.870689999999996,8.978876666666668,locked
20250715_153454.714487,0.0,0.0,searching
20250715_153455.047980,0.0,0.0,searching
20250715_153455.375196,0.0,0.0,searching
20250715_153455.727912,0.0,0.0,searching
20250715_153456.070816,0.0,0.0,searching
20250715_153456.410688,45.87068333333333,8.978865,locked
20250715_153456.777741,0.0,0.0,searching
20250715_153457.110384,0.0,0.0,searching
20250715_153457.463118,0.0,0.0,searching
20250715_153457.850587,0.0,0.0,searching
20250715_153458.190479,0.0,0.0,searching
20250715_153458.527718,45.870671666666674,8.978856666666667,locked
20250715_153458.858241,0.0,0.0,searching
20250715_153459.195258,0.0,0.0,searching
20250715_153459.533564,0.0,0.0,searching
20250715_153459.867678,0.0,0.0,searching
20250715_153500.213931,0.0,0.0,searching
20250715_153500.554944,45.870668333333334,8.978848333333334,locked
20250715_153500.891465,0.0,0.0,searching
20250715_153501.242645,0.0,0.0,searching
20250715_153501.632928,0.0,0.0,searching
20250715_153501.969827,0.0,0.0,searching
20250715_153502.306878,0.0,0.0,searching
20250715_153502.636505,45.87066333333334,8.978836666666666,locked
20250715_153502.964951,0.0,0.0,searching
20250715_153503.294217,0.0,0.0,searching
20250715_153503.634116,0.0,0.0,searching
20250715_153503.963938,0.0,0.0,searching
20250715_153504.299285,0.0,0.0,searching
20250715_153504.629542,45.87065333333333,8.978821666666667,locked
20250715_153504.956839,0.0,0.0,searching
20250715_153505.290113,0.0,0.0,searching
20250715_153505.618648,0.0,0.0,searching
20250715_153505.928033,0.0,0.0,searching
20250715_153506.241155,0.0,0.0,searching
20250715_153506.578348,45.87064333333333,8.978811666666667,locked
20250715_153506.891096,0.0,0.0,searching
20250715_153507.205006,0.0,0.0,searching
20250715_153507.515292,0.0,0.0,searching
20250715_153507.826649,0.0,0.0,searching
20250715_153508.135669,0.0,0.0,searching
20250715_153508.450928,45.87064999999999,8.97879,locked
20250715_153508.770798,0.0,0.0,searching
20250715_153509.081822,0.0,0.0,searching
20250715_153509.397477,0.0,0.0,searching
20250715_153509.710767,0.0,0.0,searching
20250715_153510.030374,0.0,0.0,searching
20250715_153510.346478,45.87065166666666,8.978773333333333,locked
20250715_153510.656566,0.0,0.0,searching
20250715_153511.070309,0.0,0.0,searching
20250715_153511.382077,0.0,0.0,searching
20250715_153511.701853,0.0,0.0,searching
20250715_153512.015867,0.0,0.0,searching
20250715_153512.331512,45.87064999999999,8.978761666666665,locked
20250715_153512.644167,0.0,0.0,searching
20250715_153512.955304,0.0,0.0,searching
20250715_153513.272787,0.0,0.0,searching
20250715_153513.588769,0.0,0.0,searching
20250715_153513.900260,0.0,0.0,searching
20250715_153514.212201,45.87064999999999,8.978748333333334,locked
20250715_153514.532119,0.0,0.0,searching
20250715_153514.846725,0.0,0.0,searching
20250715_153515.158912,0.0,0.0,searching
20250715_153515.468037,0.0,0.0,searching
20250715_153515.782171,0.0,0.0,searching
20250715_153516.095107,45.87064333333333,8.978741666666668,locked
20250715_153516.406931,0.0,0.0,searching
20250715_153516.729208,0.0,0.0,searching
20250715_153517.046285,0.0,0.0,searching
20250715_153517.360742,0.0,0.0,searching
20250715_153517.676857,0.0,0.0,searching
20250715_153517.994245,45.87063666666666,8.978736666666666,locked
20250715_153518.406861,0.0,0.0,searching
20250715_153518.719477,0.0,0.0,searching
20250715_153519.133695,0.0,0.0,searching
20250715_153519.449336,0.0,0.0,searching
20250715_153519.774366,0.0,0.0,searching
20250715_153520.088544,45.87063499999999,8.978731666666667,locked
20250715_153520.402042,0.0,0.0,searching
20250715_153520.714653,0.0,0.0,searching
20250715_153521.030231,0.0,0.0,searching
20250715_153521.345629,0.0,0.0,searching
20250715_153521.681879,0.0,0.0,searching
20250715_153521.995889,45.87063333333334,8.978726666666667,locked
20250715_153522.305904,0.0,0.0,searching
20250715_153522.624122,0.0,0.0,searching
20250715_153522.937039,0.0,0.0,searching
20250715_153523.246121,0.0,0.0,searching
20250715_153523.557626,0.0,0.0,searching
20250715_153523.970115,45.87063166666667,8.978728333333333,locked
20250715_153524.280283,0.0,0.0,searching
20250715_153524.588960,0.0,0.0,searching
20250715_153524.899430,0.0,0.0,searching
20250715_153525.213544,0.0,0.0,searching
20250715_153525.531432,0.0,0.0,searching
20250715_153525.839410,45.87063166666667,8.978723333333333,locked
20250715_153526.151619,0.0,0.0,searching
20250715_153526.463228,0.0,0.0,searching
20250715_153526.783593,0.0,0.0,searching
20250715_153527.103161,0.0,0.0,searching
20250715_153527.425278,0.0,0.0,searching
20250715_153527.755182,45.87062833333333,8.978721666666667,locked
20250715_153528.062496,0.0,0.0,searching
20250715_153528.377376,0.0,0.0,searching
20250715_153528.688167,0.0,0.0,searching
20250715_153528.999370,0.0,0.0,searching
20250715_153529.309985,0.0,0.0,searching
20250715_153529.622670,45.870623333333334,8.978718333333335,locked
20250715_153529.933587,0.0,0.0,searching
20250715_153530.355714,0.0,0.0,searching
20250715_153530.682270,0.0,0.0,searching
20250715_153530.998403,0.0,0.0,searching
20250715_153531.311336,0.0,0.0,searching
20250715_153531.631135,45.87061833333334,8.978713333333333,locked
20250715_153531.943789,0.0,0.0,searching
20250715_153532.259517,0.0,0.0,searching
20250715_153532.571148,0.0,0.0,searching
20250715_153532.989205,0.0,0.0,searching
20250715_153533.299438,0.0,0.0,searching
20250715_153533.607747,45.87060666666666,8.978695,locked
20250715_153533.917993,0.0,0.0,searching
20250715_153534.230987,0.0,0.0,searching
20250715_153534.543506,0.0,0.0,searching
20250715_153534.851431,0.0,0.0,searching
20250715_153535.171216,0.0,0.0,searching
20250715_153535.490266,45.87059333333333,8.978681666666667,locked
20250715_153535.806557,0.0,0.0,searching
20250715_153536.114314,0.0,0.0,searching
20250715_153536.424167,0.0,0.0,searching
20250715_153536.765425,0.0,0.0,searching
20250715_153537.082284,0.0,0.0,searching
20250715_153537.391187,45.87059166666666,8.978666666666667,locked
20250715_153537.699628,0.0,0.0,searching
20250715_153538.003494,0.0,0.0,searching
20250715_153538.310376,0.0,0.0,searching
20250715_153538.619845,0.0,0.0,searching
20250715_153538.926440,0.0,0.0,searching
20250715_153539.238094,45.87058833333334,8.978653333333334,locked
20250715_153539.543184,0.0,0.0,searching
20250715_153539.852139,0.0,0.0,searching
20250715_153540.159317,0.0,0.0,searching
20250715_153540.470484,0.0,0.0,searching
20250715_153540.787493,0.0,0.0,searching
20250715_153541.096354,45.87057333333334,8.978645,locked
20250715_153541.404970,0.0,0.0,searching
20250715_153541.720213,0.0,0.0,searching
20250715_153542.026409,0.0,0.0,searching
20250715_153542.334541,0.0,0.0,searching
20250715_153542.639098,0.0,0.0,searching
20250715_153542.943709,45.870554999999996,8.97865,locked
20250715_153543.246927,0.0,0.0,searching
20250715_153543.552743,0.0,0.0,searching
20250715_153543.858446,0.0,0.0,searching
20250715_153544.164559,0.0,0.0,searching
20250715_153544.469017,0.0,0.0,searching
20250715_153544.776220,45.87054833333333,8.97867,locked
20250715_153545.082530,0.0,0.0,searching
20250715_153545.385477,0.0,0.0,searching
20250715_153545.686418,0.0,0.0,searching
20250715_153545.987573,0.0,0.0,searching
20250715_153546.291446,0.0,0.0,searching
20250715_153546.631006,45.87054499999999,8.978686666666666,locked
20250715_153546.948312,0.0,0.0,searching
20250715_153547.256396,0.0,0.0,searching
20250715_153547.568976,0.0,0.0,searching
20250715_153547.882159,0.0,0.0,searching
20250715_153548.192080,0.0,0.0,searching
20250715_153548.609577,45.87054333333334,8.978706666666666,locked
20250715_153548.922926,0.0,0.0,searching
20250715_153549.237144,0.0,0.0,searching
20250715_153549.551507,0.0,0.0,searching
20250715_153549.863739,0.0,0.0,searching
20250715_153550.176694,0.0,0.0,searching
20250715_153550.487112,45.87055166666667,8.978724999999999,locked
20250715_153550.796870,0.0,0.0,searching
20250715_153551.108677,0.0,0.0,searching
20250715_153551.421829,0.0,0.0,searching
20250715_153551.742874,0.0,0.0,searching
20250715_153552.057248,0.0,0.0,searching
20250715_153552.370343,45.870558333333335,8.978739999999998,locked
20250715_153552.685713,0.0,0.0,searching
20250715_153553.000253,0.0,0.0,searching
20250715_153553.314486,0.0,0.0,searching
20250715_153553.625154,0.0,0.0,searching
20250715_153553.939240,0.0,0.0,searching
20250715_153554.257224,45.870558333333335,8.978739999999998,locked
20250715_153554.670729,0.0,0.0,searching
20250715_153554.987351,0.0,0.0,searching
20250715_153555.302656,0.0,0.0,searching
20250715_153555.717184,0.0,0.0,searching
20250715_153556.032202,0.0,0.0,searching
20250715_153556.353180,45.870558333333335,8.978739999999998,locked
20250715_153556.683868,0.0,0.0,searching
20250715_153557.006667,0.0,0.0,searching
20250715_153557.422191,0.0,0.0,searching
20250715_153557.743974,0.0,0.0,searching
20250715_153558.058687,0.0,0.0,searching
20250715_153558.478905,45.870558333333335,8.978739999999998,locked
20250715_153558.793483,0.0,0.0,searching
20250715_153559.110008,0.0,0.0,searching
20250715_153559.428777,0.0,0.0,searching
20250715_153559.744189,0.0,0.0,searching
20250715_153600.069634,0.0,0.0,searching
20250715_153600.387428,45.870558333333335,8.978739999999998,locked
20250715_153600.704803,0.0,0.0,searching
20250715_153601.018048,0.0,0.0,searching
20250715_153601.337340,0.0,0.0,searching
20250715_153601.655190,0.0,0.0,searching
20250715_153601.960954,0.0,0.0,searching
20250715_153602.286311,45.870558333333335,8.978739999999998,locked
20250715_153602.705985,0.0,0.0,searching
20250715_153603.019911,0.0,0.0,searching
20250715_153603.334838,0.0,0.0,searching
20250715_153603.642072,0.0,0.0,searching
20250715_153603.952953,0.0,0.0,searching
20250715_153604.255731,45.870558333333335,8.978739999999998,locked
20250715_153604.565652,0.0,0.0,searching
20250715_153604.882030,0.0,0.0,searching
20250715_153605.202806,0.0,0.0,searching
20250715_153605.518972,0.0,0.0,searching
20250715_153605.831748,0.0,0.0,searching
20250715_153606.148188,45.87063666666666,8.978781666666666,locked
20250715_153606.462489,0.0,0.0,searching
20250715_153606.782334,0.0,0.0,searching
20250715_153607.089171,0.0,0.0,searching
20250715_153607.390798,0.0,0.0,searching
20250715_153607.700386,0.0,0.0,searching
20250715_153608.013211,45.87065333333333,8.978793333333334,locked
20250715_153608.322474,0.0,0.0,searching
20250715_153608.633170,0.0,0.0,searching
20250715_153608.936610,0.0,0.0,searching
20250715_153609.246329,0.0,0.0,searching
20250715_153609.556551,0.0,0.0,searching
20250715_153609.859987,45.870675,8.9788,locked
20250715_153610.167978,0.0,0.0,searching
20250715_153610.476344,0.0,0.0,searching
20250715_153610.780563,0.0,0.0,searching
20250715_153611.087547,0.0,0.0,searching
20250715_153611.395556,0.0,0.0,searching
20250715_153611.712076,45.87068833333333,8.978811666666667,locked
20250715_153612.047577,0.0,0.0,searching
20250715_153612.358893,0.0,0.0,searching
20250715_153612.678229,0.0,0.0,searching
20250715_153612.982025,0.0,0.0,searching
20250715_153613.298707,0.0,0.0,searching
20250715_153613.617747,45.87070666666667,8.978816666666667,locked
20250715_153613.945549,0.0,0.0,searching
20250715_153614.258875,0.0,0.0,searching
20250715_153614.570208,0.0,0.0,searching
20250715_153614.902595,0.0,0.0,searching
20250715_153615.271913,0.0,0.0,searching
20250715_153615.585351,45.87076833333334,8.97882,locked
20250715_153615.894832,0.0,0.0,searching
20250715_153616.207670,0.0,0.0,searching
20250715_153616.520921,0.0,0.0,searching
20250715_153616.834743,0.0,0.0,searching
20250715_153617.147219,0.0,0.0,searching
20250715_153617.460783,45.870803333333335,8.978825,locked
20250715_153617.779468,0.0,0.0,searching
20250715_153618.097718,0.0,0.0,searching
20250715_153618.416442,0.0,0.0,searching
20250715_153618.730792,0.0,0.0,searching
20250715_153619.053353,0.0,0.0,searching
20250715_153619.368691,45.87082166666667,8.978833333333334,locked
20250715_153619.695317,0.0,0.0,searching
20250715_153620.013661,0.0,0.0,searching
20250715_153620.331467,0.0,0.0,searching
20250715_153620.646926,0.0,0.0,searching
20250715_153620.963824,0.0,0.0,searching
20250715_153621.279056,45.870836666666676,8.978843333333334,locked
20250715_153621.613494,0.0,0.0,searching
20250715_153621.925464,0.0,0.0,searching
20250715_153622.236112,0.0,0.0,searching
20250715_153622.544075,0.0,0.0,searching
20250715_153622.857107,0.0,0.0,searching
20250715_153623.170750,45.870836666666676,8.978855000000001,locked
20250715_153623.478612,0.0,0.0,searching
20250715_153623.787109,0.0,0.0,searching
20250715_153624.092953,0.0,0.0,searching
20250715_153624.399845,0.0,0.0,searching
20250715_153624.707180,0.0,0.0,searching
20250715_153625.121033,45.870846666666665,8.978858333333333,locked
20250715_153625.430722,0.0,0.0,searching
20250715_153625.751535,0.0,0.0,searching
20250715_153626.066577,0.0,0.0,searching
20250715_153626.377130,0.0,0.0,searching
20250715_153626.700702,0.0,0.0,searching
20250715_153627.014774,45.870855,8.978868333333333,locked
20250715_153627.330322,0.0,0.0,searching
20250715_153627.642569,0.0,0.0,searching
20250715_153627.956886,0.0,0.0,searching
20250715_153628.270080,0.0,0.0,searching
20250715_153628.593246,0.0,0.0,searching
20250715_153628.912248,45.87086833333333,8.978873333333333,locked
20250715_153629.231125,0.0,0.0,searching
20250715_153629.547812,0.0,0.0,searching
20250715_153629.862025,0.0,0.0,searching
20250715_153630.189793,0.0,0.0,searching
20250715_153630.500686,0.0,0.0,searching
20250715_153630.806003,45.87087833333333,8.978881666666666,locked
20250715_153631.112801,0.0,0.0,searching
20250715_153631.413427,0.0,0.0,searching
20250715_153631.729518,0.0,0.0,searching
20250715_153632.042173,0.0,0.0,searching
20250715_153632.352165,0.0,0.0,searching
20250715_153632.667262,45.87088833333334,8.978891666666668,locked
20250715_153632.972015,0.0,0.0,searching
20250715_153633.280809,0.0,0.0,searching
20250715_153633.600266,0.0,0.0,searching
20250715_153633.927087,0.0,0.0,searching
20250715_153634.251651,0.0,0.0,searching
20250715_153634.560496,45.870889999999996,8.978903333333333,locked
20250715_153634.872250,0.0,0.0,searching
20250715_153635.184383,0.0,0.0,searching
20250715_153635.492913,0.0,0.0,searching
20250715_153635.800089,0.0,0.0,searching
20250715_153636.113826,0.0,0.0,searching
20250715_153636.424870,45.870896666666674,8.978911666666667,locked
20250715_153636.768062,0.0,0.0,searching
20250715_153637.114242,0.0,0.0,searching
20250715_153637.442403,0.0,0.0,searching
20250715_153637.748488,0.0,0.0,searching
20250715_153638.053704,0.0,0.0,searching
20250715_153638.359514,45.87090499999999,8.978916666666667,locked
20250715_153638.669121,0.0,0.0,searching
20250715_153638.983844,0.0,0.0,searching
20250715_153639.294011,0.0,0.0,searching
20250715_153639.599536,0.0,0.0,searching
20250715_153639.905949,0.0,0.0,searching
20250715_153640.215699,45.87091333333333,8.978919999999999,locked
20250715_153640.526480,0.0,0.0,searching
20250715_153640.831609,0.0,0.0,searching
20250715_153641.145365,0.0,0.0,searching
20250715_153641.459528,0.0,0.0,searching
20250715_153641.789717,0.0,0.0,searching
20250715_153642.110958,45.870918333333336,8.978923333333334,locked
20250715_153642.417646,0.0,0.0,searching
20250715_153642.726988,0.0,0.0,searching
20250715_153643.040470,0.0,0.0,searching
20250715_153643.369036,0.0,0.0,searching
20250715_153643.696821,0.0,0.0,searching
20250715_153644.036239,45.87091333333333,8.978936666666668,locked
20250715_153644.359329,0.0,0.0,searching
20250715_153644.689587,0.0,0.0,searching
20250715_153645.012545,0.0,0.0,searching
20250715_153645.333269,0.0,0.0,searching
20250715_153645.655988,0.0,0.0,searching
20250715_153645.975942,45.87091333333333,8.978953333333333,locked
20250715_153646.300449,0.0,0.0,searching
20250715_153646.636144,0.0,0.0,searching
20250715_153646.966635,0.0,0.0,searching
20250715_153647.291780,0.0,0.0,searching
20250715_153647.617670,0.0,0.0,searching
20250715_153647.939667,45.87091333333333,8.978968333333334,locked
20250715_153648.264642,0.0,0.0,searching
20250715_153648.592954,0.0,0.0,searching
20250715_153648.913342,0.0,0.0,searching
20250715_153649.232221,0.0,0.0,searching
20250715_153649.554242,0.0,0.0,searching
20250715_153649.883267,45.870915,8.978976666666666,locked
20250715_153650.209132,0.0,0.0,searching
20250715_153650.533176,0.0,0.0,searching
20250715_153650.852105,0.0,0.0,searching
20250715_153651.173617,0.0,0.0,searching
20250715_153651.493356,0.0,0.0,searching
20250715_153651.835355,45.870915,8.978985,locked
20250715_153652.169706,0.0,0.0,searching
20250715_153652.494289,0.0,0.0,searching
20250715_153652.827094,0.0,0.0,searching
20250715_153653.156987,0.0,0.0,searching
20250715_153653.486921,0.0,0.0,searching
20250715_153653.816204,45.87091333333333,8.979001666666667,locked
20250715_153654.131894,0.0,0.0,searching
20250715_153654.455504,0.0,0.0,searching
20250715_153654.769781,0.0,0.0,searching
20250715_153655.085463,0.0,0.0,searching
20250715_153655.402981,0.0,0.0,searching
20250715_153655.730703,45.87090499999999,8.979013333333334,locked
20250715_153656.151567,0.0,0.0,searching
20250715_153656.488163,0.0,0.0,searching
20250715_153656.823352,0.0,0.0,searching
20250715_153657.150990,0.0,0.0,searching
20250715_153657.478609,0.0,0.0,searching
20250715_153657.820601,45.87091,8.979015,locked
20250715_153658.140890,0.0,0.0,searching
20250715_153658.468263,0.0,0.0,searching
20250715_153658.786666,0.0,0.0,searching
20250715_153659.105747,0.0,0.0,searching
20250715_153659.432465,0.0,0.0,searching
20250715_153659.760217,45.87091,8.979021666666666,locked
20250715_153700.082742,0.0,0.0,searching
20250715_153700.409713,0.0,0.0,searching
20250715_153700.729273,0.0,0.0,searching
20250715_153701.054229,0.0,0.0,searching
20250715_153701.374750,0.0,0.0,searching
20250715_153701.719567,45.87090833333333,8.979023333333334,locked
20250715_153702.045989,0.0,0.0,searching
20250715_153702.379206,0.0,0.0,searching
20250715_153702.741662,0.0,0.0,searching
20250715_153703.093303,0.0,0.0,searching
20250715_153703.426863,0.0,0.0,searching
20250715_153703.750824,45.8709,8.97902,locked
20250715_153704.072624,0.0,0.0,searching
20250715_153704.394137,0.0,0.0,searching
20250715_153704.717134,0.0,0.0,searching
20250715_153705.042360,0.0,0.0,searching
20250715_153705.365278,0.0,0.0,searching
20250715_153705.690230,45.870895000000004,8.979013333333334,locked
20250715_153706.013198,0.0,0.0,searching
20250715_153706.337085,0.0,0.0,searching
20250715_153706.683644,0.0,0.0,searching
20250715_153707.005765,0.0,0.0,searching
20250715_153707.351785,0.0,0.0,searching
20250715_153707.685934,45.870891666666665,8.979009999999999,locked
20250715_153708.006102,0.0,0.0,searching
20250715_153708.326931,0.0,0.0,searching
20250715_153708.654993,0.0,0.0,searching
20250715_153708.982443,0.0,0.0,searching
20250715_153709.306374,0.0,0.0,searching
20250715_153709.629904,45.87088833333334,8.979008333333333,locked
20250715_153709.965988,0.0,0.0,searching
20250715_153710.298201,0.0,0.0,searching
20250715_153710.625302,0.0,0.0,searching
20250715_153710.951093,0.0,0.0,searching
20250715_153711.281398,0.0,0.0,searching
20250715_153711.623830,45.87088833333334,8.979008333333333,locked
20250715_153711.945655,0.0,0.0,searching
20250715_153712.273094,0.0,0.0,searching
20250715_153712.597690,0.0,0.0,searching
20250715_153712.922703,0.0,0.0,searching
20250715_153713.241160,0.0,0.0,searching
20250715_153713.566417,45.87088833333334,8.979008333333333,locked
20250715_153713.886511,0.0,0.0,searching
20250715_153714.215045,0.0,0.0,searching
20250715_153714.535948,0.0,0.0,searching
20250715_153714.864678,0.0,0.0,searching
20250715_153715.193788,0.0,0.0,searching
20250715_153715.521464,45.87088833333334,8.979008333333333,locked
20250715_153715.845416,0.0,0.0,searching
20250715_153716.170008,0.0,0.0,searching
20250715_153716.498796,0.0,0.0,searching
20250715_153716.838523,0.0,0.0,searching
20250715_153717.171005,0.0,0.0,searching
20250715_153717.487956,45.87088833333334,8.979008333333333,locked
20250715_153717.821293,0.0,0.0,searching
20250715_153718.145257,0.0,0.0,searching
20250715_153718.469344,0.0,0.0,searching
20250715_153718.793019,0.0,0.0,searching
20250715_153719.123125,0.0,0.0,searching
20250715_153719.451800,45.87088833333334,8.979008333333333,locked
20250715_153719.781953,0.0,0.0,searching
20250715_153720.103787,0.0,0.0,searching
20250715_153720.436980,0.0,0.0,searching
20250715_153720.765680,0.0,0.0,searching
20250715_153721.086297,0.0,0.0,searching
20250715_153721.409230,45.87088833333334,8.979008333333333,locked
20250715_153721.746509,0.0,0.0,searching
20250715_153722.077160,0.0,0.0,searching
20250715_153722.404125,0.0,0.0,searching
20250715_153722.744675,0.0,0.0,searching
20250715_153723.075356,0.0,0.0,searching
20250715_153723.401474,45.87088833333334,8.979008333333333,locked
20250715_153723.725865,0.0,0.0,searching
20250715_153724.052201,0.0,0.0,searching
20250715_153724.374017,0.0,0.0,searching
20250715_153724.695989,0.0,0.0,searching
20250715_153725.018279,0.0,0.0,searching
20250715_153725.344054,45.87088833333334,8.979008333333333,locked
20250715_153725.665997,0.0,0.0,searching
20250715_153725.990045,0.0,0.0,searching
20250715_153726.309550,0.0,0.0,searching
20250715_153726.698677,0.0,0.0,searching
20250715_153727.047266,0.0,0.0,searching
20250715_153727.376456,45.87087833333333,8.97896,locked
20250715_153727.705910,0.0,0.0,searching
20250715_153728.032008,0.0,0.0,searching
20250715_153728.352883,0.0,0.0,searching
20250715_153728.677348,0.0,0.0,searching
20250715_153729.000850,0.0,0.0,searching
20250715_153729.334669,45.870871666666666,8.978945000000001,locked
20250715_153729.655320,0.0,0.0,searching
20250715_153729.979235,0.0,0.0,searching
20250715_153730.307725,0.0,0.0,searching
20250715_153730.633327,0.0,0.0,searching
20250715_153730.958685,0.0,0.0,searching
20250715_153731.283072,45.870871666666666,8.978925,locked
20250715_153731.630464,0.0,0.0,searching
20250715_153731.959616,0.0,0.0,searching
20250715_153732.288443,0.0,0.0,searching
20250715_153732.621966,0.0,0.0,searching
20250715_153732.954331,0.0,0.0,searching
20250715_153733.282853,45.870871666666666,8.978908333333333,locked
20250715_153733.618665,0.0,0.0,searching
20250715_153733.945530,0.0,0.0,searching
20250715_153734.276197,0.0,0.0,searching
20250715_153734.607424,0.0,0.0,searching
20250715_153734.932845,0.0,0.0,searching
20250715_153735.260864,45.870873333333336,8.978888333333334,locked
20250715_153735.593691,0.0,0.0,searching
20250715_153735.917373,0.0,0.0,searching
20250715_153736.241083,0.0,0.0,searching
20250715_153736.577916,0.0,0.0,searching
20250715_153736.905990,0.0,0.0,searching
20250715_153737.234222,45.87087,8.978871666666667,locked
20250715_153737.575073,0.0,0.0,searching
20250715_153737.904981,0.0,0.0,searching
20250715_153738.237310,0.0,0.0,searching
20250715_153738.564090,0.0,0.0,searching
20250715_153738.888135,0.0,0.0,searching
20250715_153739.213840,45.870871666666666,8.978853333333332,locked
20250715_153739.538630,0.0,0.0,searching
20250715_153739.865219,0.0,0.0,searching
20250715_153740.191094,0.0,0.0,searching
20250715_153740.516735,0.0,0.0,searching
20250715_153740.840723,0.0,0.0,searching
20250715_153741.170915,45.87087,8.978838333333334,locked
20250715_153741.499255,0.0,0.0,searching
20250715_153741.836374,0.0,0.0,searching
20250715_153742.163892,0.0,0.0,searching
20250715_153742.503886,0.0,0.0,searching
20250715_153742.843009,0.0,0.0,searching
20250715_153743.176279,45.870871666666666,8.978831666666668,locked
20250715_153743.499481,0.0,0.0,searching
20250715_153743.833142,0.0,0.0,searching
20250715_153744.163707,0.0,0.0,searching
20250715_153744.496052,0.0,0.0,searching
20250715_153744.818841,0.0,0.0,searching
20250715_153745.144200,45.87087499999999,8.97884,locked
20250715_153745.474725,0.0,0.0,searching
20250715_153745.797833,0.0,0.0,searching
20250715_153746.122550,0.0,0.0,searching
20250715_153746.448234,0.0,0.0,searching
20250715_153746.791156,0.0,0.0,searching
20250715_153747.116042,45.87087499999999,8.978836666666666,locked
20250715_153747.442068,0.0,0.0,searching
20250715_153747.766279,0.0,0.0,searching
20250715_153748.088240,0.0,0.0,searching
20250715_153748.411944,0.0,0.0,searching
20250715_153748.733091,0.0,0.0,searching
20250715_153749.055475,45.87088000000001,8.978831666666668,locked
20250715_153749.381497,0.0,0.0,searching
20250715_153749.722768,0.0,0.0,searching
20250715_153750.045149,0.0,0.0,searching
20250715_153750.380158,0.0,0.0,searching
20250715_153750.707107,0.0,0.0,searching
20250715_153751.030058,45.87087666666666,8.97882,locked
20250715_153751.355962,0.0,0.0,searching
20250715_153751.696693,0.0,0.0,searching
20250715_153752.022780,0.0,0.0,searching
20250715_153752.345643,0.0,0.0,searching
20250715_153752.668359,0.0,0.0,searching
20250715_153752.990755,45.87087833333333,8.978811666666667,locked
20250715_153753.310911,0.0,0.0,searching
20250715_153753.635969,0.0,0.0,searching
20250715_153753.958178,0.0,0.0,searching
20250715_153754.281196,0.0,0.0,searching
20250715_153754.609968,0.0,0.0,searching
20250715_153754.988952,45.87088333333333,8.978813333333333,locked
20250715_153755.346459,0.0,0.0,searching
20250715_153755.674054,0.0,0.0,searching
20250715_153756.002575,0.0,0.0,searching
20250715_153756.331155,0.0,0.0,searching
20250715_153756.679589,0.0,0.0,searching
20250715_153757.009719,45.87088333333333,8.97882,locked
20250715_153757.344357,0.0,0.0,searching
20250715_153757.670898,0.0,0.0,searching
20250715_153757.995478,0.0,0.0,searching
20250715_153758.321231,0.0,0.0,searching
20250715_153758.653673,0.0,0.0,searching
20250715_153758.974154,45.870873333333336,8.978841666666666,locked
20250715_153759.302607,0.0,0.0,searching
20250715_153759.638828,0.0,0.0,searching
20250715_153759.960436,0.0,0.0,searching
20250715_153800.298706,0.0,0.0,searching
20250715_153800.628330,0.0,0.0,searching
20250715_153800.956949,45.87087666666666,8.97885,locked
20250715_153801.294810,0.0,0.0,searching
20250715_153801.640627,0.0,0.0,searching
20250715_153801.963872,0.0,0.0,searching
20250715_153802.293623,0.0,0.0,searching
20250715_153802.628739,0.0,0.0,searching
20250715_153802.960678,45.87087666666666,8.97885,locked
20250715_153803.286842,0.0,0.0,searching
20250715_153803.614891,0.0,0.0,searching
20250715_153803.935431,0.0,0.0,searching
20250715_153804.258740,0.0,0.0,searching
20250715_153804.583474,0.0,0.0,searching
20250715_153804.913194,45.87087666666666,8.97885,locked
20250715_153805.246797,0.0,0.0,searching
20250715_153805.578299,0.0,0.0,searching
20250715_153805.901987,0.0,0.0,searching
20250715_153806.230762,0.0,0.0,searching
20250715_153806.576114,0.0,0.0,searching
20250715_153806.906934,45.87087666666666,8.97885,locked
20250715_153807.238121,0.0,0.0,searching
20250715_153807.585856,0.0,0.0,searching
20250715_153807.912591,0.0,0.0,searching
20250715_153808.241105,0.0,0.0,searching
20250715_153808.569750,0.0,0.0,searching
20250715_153808.893217,45.87087666666666,8.97885,locked
20250715_153809.223559,0.0,0.0,searching
20250715_153809.561726,0.0,0.0,searching
20250715_153809.892766,0.0,0.0,searching
20250715_153810.239059,0.0,0.0,searching
20250715_153810.569405,0.0,0.0,searching
20250715_153810.899041,45.87087666666666,8.97885,locked
20250715_153811.225889,0.0,0.0,searching
20250715_153811.569631,0.0,0.0,searching
20250715_153811.905373,0.0,0.0,searching
20250715_153812.234258,0.0,0.0,searching
20250715_153812.561410,0.0,0.0,searching
20250715_153812.885522,45.87087666666666,8.97885,locked
20250715_153813.217245,0.0,0.0,searching
20250715_153813.543384,0.0,0.0,searching
20250715_153813.877101,0.0,0.0,searching
20250715_153814.207417,0.0,0.0,searching
20250715_153814.540730,0.0,0.0,searching
20250715_153814.865141,45.87087666666666,8.97885,locked
20250715_153815.195885,0.0,0.0,searching
20250715_153815.530148,0.0,0.0,searching
20250715_153815.865046,0.0,0.0,searching
20250715_153816.190700,0.0,0.0,searching
20250715_153816.528505,0.0,0.0,searching
20250715_153816.875310,45.87087666666666,8.97885,locked
20250715_153817.204368,0.0,0.0,searching
20250715_153817.543733,0.0,0.0,searching
20250715_153817.872300,0.0,0.0,searching
20250715_153818.203631,0.0,0.0,searching
20250715_153818.532242,0.0,0.0,searching
20250715_153818.859575,45.87087666666666,8.97885,locked
20250715_153819.242593,0.0,0.0,searching
20250715_153819.586024,0.0,0.0,searching
20250715_153819.915917,0.0,0.0,searching
20250715_153820.240965,0.0,0.0,searching
20250715_153820.568580,0.0,0.0,searching
20250715_153820.891998,45.87087666666666,8.97885,locked
20250715_153821.222843,0.0,0.0,searching
20250715_153821.565332,0.0,0.0,searching
20250715_153821.880788,0.0,0.0,searching
20250715_153822.196402,0.0,0.0,searching
20250715_153822.518957,0.0,0.0,searching
20250715_153822.840626,45.87087666666666,8.97885,locked
20250715_153823.162295,0.0,0.0,searching
20250715_153823.489702,0.0,0.0,searching
20250715_153823.810230,0.0,0.0,searching
20250715_153824.140211,0.0,0.0,searching
20250715_153824.479414,0.0,0.0,searching
20250715_153824.802662,45.87087666666666,8.97885,locked
20250715_153825.127213,0.0,0.0,searching
20250715_153825.458553,0.0,0.0,searching
20250715_153825.787138,0.0,0.0,searching
20250715_153826.108567,0.0,0.0,searching
20250715_153826.431571,0.0,0.0,searching
20250715_153826.769874,45.87082166666667,8.978964999999999,locked
20250715_153827.092145,0.0,0.0,searching
20250715_153827.416093,0.0,0.0,searching
20250715_153827.740362,0.0,0.0,searching
20250715_153828.063023,0.0,0.0,searching
20250715_153828.383439,0.0,0.0,searching
20250715_153828.704629,45.87081166666667,8.978978333333334,locked
20250715_153829.024461,0.0,0.0,searching
20250715_153829.347069,0.0,0.0,searching
20250715_153829.667300,0.0,0.0,searching
20250715_153829.995291,0.0,0.0,searching
20250715_153830.334646,0.0,0.0,searching
20250715_153830.664654,45.870801666666665,8.978986666666666,locked
20250715_153830.987881,0.0,0.0,searching
20250715_153831.319262,0.0,0.0,searching
20250715_153831.657331,0.0,0.0,searching
20250715_153831.984630,0.0,0.0,searching
20250715_153832.305781,0.0,0.0,searching
20250715_153832.630431,45.870791666666676,8.979008333333333,locked
20250715_153832.960653,0.0,0.0,searching
20250715_153833.283238,0.0,0.0,searching
20250715_153833.610367,0.0,0.0,searching
20250715_153833.970140,0.0,0.0,searching
20250715_153834.363625,0.0,0.0,searching
20250715_153834.749164,45.870781666666666,8.979036666666667,locked
20250715_153835.587906,0.0,0.0,searching
20250715_153836.443272,0.0,0.0,searching
20250715_153836.999706,0.0,0.0,searching
20250715_153837.418723,0.0,0.0,searching
20250715_153838.292756,0.0,0.0,searching
20250715_153839.488513,45.870779999999996,8.979045000000001,locked
20250715_153839.837768,0.0,0.0,searching
20250715_153840.180885,0.0,0.0,searching
20250715_153840.529221,0.0,0.0,searching
20250715_153840.874277,0.0,0.0,searching
20250715_153841.429448,0.0,0.0,searching
20250715_153842.095271,45.87077833333333,8.979056666666667,locked
20250715_153842.762211,0.0,0.0,searching
20250715_153843.483901,0.0,0.0,searching
20250715_153844.229003,0.0,0.0,searching
20250715_153845.972753,0.0,0.0,searching
20250715_153847.548876,0.0,0.0,searching
20250715_153848.777420,45.870791666666676,8.979118333333334,locked
20250715_153850.138716,0.0,0.0,searching
20250715_153851.052841,0.0,0.0,searching
20250715_153852.010206,0.0,0.0,searching
20250715_153852.916651,0.0,0.0,searching
20250715_153853.791575,0.0,0.0,searching
20250715_153854.747457,45.87079833333334,8.979146666666667,locked
20250715_153855.778522,0.0,0.0,searching
20250715_153856.712558,0.0,0.0,searching
20250715_153857.411057,0.0,0.0,searching
20250715_153858.278897,0.0,0.0,searching
20250715_153858.818502,0.0,0.0,searching
20250715_153859.158689,45.870803333333335,8.979158333333334,locked
20250715_153859.493888,0.0,0.0,searching
20250715_153859.851758,0.0,0.0,searching
20250715_153900.201362,0.0,0.0,searching
20250715_153900.543802,0.0,0.0,searching
20250715_153900.882102,0.0,0.0,searching
20250715_153901.229954,45.870803333333335,8.979176666666666,locked
20250715_153901.572929,0.0,0.0,searching
20250715_153901.909626,0.0,0.0,searching
20250715_153902.243280,0.0,0.0,searching
20250715_153902.582260,0.0,0.0,searching
20250715_153902.928346,0.0,0.0,searching
20250715_153903.270075,45.870805000000004,8.979199999999999,locked
20250715_153903.596962,0.0,0.0,searching
20250715_153903.928360,0.0,0.0,searching
20250715_153904.265009,0.0,0.0,searching
20250715_153904.601100,0.0,0.0,searching
20250715_153904.922105,0.0,0.0,searching
20250715_153905.235429,45.870801666666665,8.979216666666668,locked
20250715_153905.548574,0.0,0.0,searching
20250715_153905.861200,0.0,0.0,searching
20250715_153906.184251,0.0,0.0,searching
20250715_153906.503861,0.0,0.0,searching
20250715_153906.832341,0.0,0.0,searching
20250715_153907.246325,45.87079666666667,8.979231666666667,locked
20250715_153907.556303,0.0,0.0,searching
20250715_153907.888625,0.0,0.0,searching
20250715_153908.201221,0.0,0.0,searching
20250715_153908.618264,0.0,0.0,searching
20250715_153908.931797,0.0,0.0,searching
20250715_153909.248126,45.87079333333333,8.979244999999999,locked
20250715_153909.567252,0.0,0.0,searching
20250715_153909.879617,0.0,0.0,searching
20250715_153910.253368,0.0,0.0,searching
20250715_153910.594162,0.0,0.0,searching
20250715_153910.934000,0.0,0.0,searching
20250715_153911.242687,45.870791666666676,8.979258333333332,locked
20250715_153911.558607,0.0,0.0,searching
20250715_153911.871336,0.0,0.0,searching
20250715_153912.182334,0.0,0.0,searching
20250715_153912.490005,0.0,0.0,searching
20250715_153912.791723,0.0,0.0,searching
20250715_153913.205461,45.87078666666666,8.979271666666667,locked
20250715_153913.621971,0.0,0.0,searching
20250715_153913.933313,0.0,0.0,searching
20250715_153914.247519,0.0,0.0,searching
20250715_153914.559715,0.0,0.0,searching
20250715_153914.874701,0.0,0.0,searching
20250715_153915.188851,45.87078666666666,8.979281666666667,locked
20250715_153915.506219,0.0,0.0,searching
20250715_153915.838547,0.0,0.0,searching
20250715_153916.164949,0.0,0.0,searching
20250715_153916.491018,0.0,0.0,searching
20250715_153916.823668,0.0,0.0,searching
20250715_153917.150416,45.87078666666666,8.979291666666667,locked
20250715_153917.467471,0.0,0.0,searching
20250715_153917.797089,0.0,0.0,searching
20250715_153918.120032,0.0,0.0,searching
20250715_153918.450692,0.0,0.0,searching
20250715_153918.783550,0.0,0.0,searching
20250715_153919.113543,45.87078666666666,8.979301666666666,locked
20250715_153919.434743,0.0,0.0,searching
20250715_153919.755582,0.0,0.0,searching
20250715_153920.175373,0.0,0.0,searching
20250715_153920.506134,0.0,0.0,searching
20250715_153920.835451,0.0,0.0,searching
20250715_153921.167163,45.87079000000001,8.97931,locked
20250715_153921.483657,0.0,0.0,searching
20250715_153921.827766,0.0,0.0,searching
20250715_153922.144541,0.0,0.0,searching
20250715_153922.470722,0.0,0.0,searching
20250715_153922.801474,0.0,0.0,searching
20250715_153923.116412,45.87079333333333,8.979318333333334,locked
20250715_153923.431572,0.0,0.0,searching
20250715_153923.751846,0.0,0.0,searching
20250715_153924.061975,0.0,0.0,searching
20250715_153924.375634,0.0,0.0,searching
20250715_153924.685357,0.0,0.0,searching
20250715_153925.002043,45.87079833333334,8.979326666666667,locked
20250715_153925.315422,0.0,0.0,searching
20250715_153925.630397,0.0,0.0,searching
20250715_153925.931437,0.0,0.0,searching
20250715_153926.240054,0.0,0.0,searching
20250715_153926.572863,0.0,0.0,searching
20250715_153926.890282,45.87079833333334,8.979338333333335,locked
20250715_153927.205807,0.0,0.0,searching
20250715_153927.525832,0.0,0.0,searching
20250715_153927.835232,0.0,0.0,searching
20250715_153928.153209,0.0,0.0,searching
20250715_153928.456838,0.0,0.0,searching
20250715_153928.771240,45.87079833333334,8.979351666666668,locked
20250715_153929.078103,0.0,0.0,searching
20250715_153929.389045,0.0,0.0,searching
20250715_153929.692982,0.0,0.0,searching
20250715_153930.018630,0.0,0.0,searching
20250715_153930.330979,0.0,0.0,searching
20250715_153930.638613,45.870799999999996,8.979365,locked
20250715_153930.942354,0.0,0.0,searching
20250715_153931.257019,0.0,0.0,searching
20250715_153931.559802,0.0,0.0,searching
20250715_153931.863310,0.0,0.0,searching
20250715_153932.178490,0.0,0.0,searching
20250715_153932.580631,45.870799999999996,8.979378333333333,locked
20250715_153932.917395,0.0,0.0,searching
20250715_153933.294708,0.0,0.0,searching
20250715_153933.660794,0.0,0.0,searching
20250715_153933.966281,0.0,0.0,searching
20250715_153934.346893,0.0,0.0,searching
20250715_153934.657818,45.870801666666665,8.979388333333333,locked
20250715_153934.973392,0.0,0.0,searching
20250715_153935.295606,0.0,0.0,searching
20250715_153935.644525,0.0,0.0,searching
20250715_153935.949008,0.0,0.0,searching
20250715_153936.252507,0.0,0.0,searching
20250715_153936.575513,45.870801666666665,8.979396666666666,locked
20250715_153936.882663,0.0,0.0,searching
20250715_153937.301552,0.0,0.0,searching
20250715_153937.625077,0.0,0.0,searching
20250715_153937.959887,0.0,0.0,searching
20250715_153938.293356,0.0,0.0,searching
20250715_153938.593660,45.870803333333335,8.979406666666668,locked
20250715_153938.896256,0.0,0.0,searching
20250715_153939.204038,0.0,0.0,searching
20250715_153939.542178,0.0,0.0,searching
20250715_153939.957302,0.0,0.0,searching
