timestamp;TIME;latitude;longitude;locked
20250715_153133.795026;20250715;0;0;searching
20250715_153135.627316;20250715;0;0;searching
20250715_153136.087333;20250715;0;0;searching
20250715_153136.431825;20250715;0;0;searching
20250715_153136.863540;20250715;0;0;searching
20250715_153137.193209;20250715;0;0;searching
20250715_153137.525009;20250715;0;0;searching
20250715_153137.867347;20250715;0;0;searching
20250715_153138.210513;20250715;45.87072333;8.981468333;locked
20250715_153138.548834;20250715;0;0;searching
20250715_153138.882584;20250715;0;0;searching
20250715_153139.212395;20250715;0;0;searching
20250715_153139.541786;20250715;0;0;searching
20250715_153139.870634;20250715;45.87072333;8.981468333;locked
20250715_153140.197920;20250715;0;0;searching
20250715_153140.527612;20250715;0;0;searching
20250715_153140.852864;20250715;0;0;searching
20250715_153141.206118;20250715;0;0;searching
20250715_153141.562641;20250715;0;0;searching
20250715_153141.915847;20250715;45.87072333;8.981468333;locked
20250715_153142.247346;20250715;0;0;searching
20250715_153142.579578;20250715;0;0;searching
20250715_153142.909565;20250715;0;0;searching
20250715_153143.239560;20250715;0;0;searching
20250715_153143.565777;20250715;0;0;searching
20250715_153143.906116;20250715;0;0;searching
20250715_153144.246591;20250715;0;0;searching
20250715_153144.591207;20250715;0;0;searching
20250715_153144.940022;20250715;0;0;searching
20250715_153145.455150;20250715;0;0;searching
20250715_153145.800900;20250715;45.87073667;8.98148;locked
20250715_153146.243185;20250715;0;0;searching
20250715_153146.589079;20250715;0;0;searching
20250715_153147.017948;20250715;0;0;searching
20250715_153147.349572;20250715;0;0;searching
20250715_153147.697476;20250715;0;0;searching
20250715_153148.036982;20250715;45.87073833;8.981485;locked
20250715_153148.372586;20250715;0;0;searching
20250715_153148.703544;20250715;0;0;searching
20250715_153149.038738;20250715;0;0;searching
20250715_153149.368711;20250715;0;0;searching
20250715_153149.692444;20250715;0;0;searching
20250715_153150.029720;20250715;45.87074167;8.981488333;locked
20250715_153150.364236;20250715;0;0;searching
20250715_153150.712959;20250715;0;0;searching
20250715_153151.055052;20250715;0;0;searching
20250715_153151.396008;20250715;0;0;searching
20250715_153151.741916;20250715;0;0;searching
20250715_153152.085016;20250715;45.870745;8.981491667;locked
20250715_153152.422857;20250715;0;0;searching
20250715_153152.759695;20250715;0;0;searching
20250715_153153.102956;20250715;0;0;searching
20250715_153153.466101;20250715;0;0;searching
20250715_153153.811401;20250715;0;0;searching
20250715_153154.157955;20250715;45.87074667;8.981496667;locked
20250715_153154.498352;20250715;0;0;searching
20250715_153154.826970;20250715;0;0;searching
20250715_153155.162774;20250715;0;0;searching
20250715_153155.493593;20250715;0;0;searching
20250715_153155.826774;20250715;0;0;searching
20250715_153156.164314;20250715;0;0;searching
20250715_153156.512454;20250715;0;0;searching
20250715_153156.860335;20250715;0;0;searching
20250715_153157.200783;20250715;0;0;searching
20250715_153157.528963;20250715;0;0;searching
20250715_153157.867752;20250715;0;0;searching
20250715_153158.204828;20250715;0;0;searching
20250715_153158.534456;20250715;0;0;searching
20250715_153158.883578;20250715;0;0;searching
20250715_153159.212815;20250715;0;0;searching
20250715_153159.549832;20250715;0;0;searching
20250715_153159.882772;20250715;0;0;searching
20250715_153200.214082;20250715;0;0;searching
20250715_153200.548211;20250715;0;0;searching
20250715_153200.879909;20250715;0;0;searching
20250715_153201.215675;20250715;0;0;searching
20250715_153201.576075;20250715;0;0;searching
20250715_153201.904597;20250715;0;0;searching
20250715_153202.231836;20250715;0;0;searching
20250715_153202.565742;20250715;0;0;searching
20250715_153202.920404;20250715;0;0;searching
20250715_153203.253488;20250715;0;0;searching
20250715_153203.585861;20250715;0;0;searching
20250715_153203.927248;20250715;0;0;searching
20250715_153204.271957;20250715;0;0;searching
20250715_153204.610681;20250715;0;0;searching
20250715_153204.949105;20250715;0;0;searching
20250715_153205.287872;20250715;0;0;searching
20250715_153205.638840;20250715;0;0;searching
20250715_153205.975094;20250715;0;0;searching
20250715_153206.307454;20250715;0;0;searching
20250715_153206.663291;20250715;0;0;searching
20250715_153206.997871;20250715;0;0;searching
20250715_153207.333352;20250715;0;0;searching
20250715_153207.668233;20250715;0;0;searching
20250715_153208.008848;20250715;0;0;searching
20250715_153208.343114;20250715;0;0;searching
20250715_153208.673158;20250715;0;0;searching
20250715_153209.012056;20250715;0;0;searching
20250715_153209.342312;20250715;0;0;searching
20250715_153209.679583;20250715;0;0;searching
20250715_153210.055030;20250715;0;0;searching
20250715_153210.443207;20250715;0;0;searching
20250715_153210.775861;20250715;0;0;searching
20250715_153211.106962;20250715;0;0;searching
20250715_153211.433418;20250715;0;0;searching
20250715_153211.781875;20250715;0;0;searching
20250715_153212.117234;20250715;0;0;searching
20250715_153212.465985;20250715;0;0;searching
20250715_153212.792821;20250715;0;0;searching
20250715_153213.125045;20250715;0;0;searching
20250715_153213.456344;20250715;0;0;searching
20250715_153213.782520;20250715;0;0;searching
20250715_153214.116802;20250715;0;0;searching
20250715_153214.453090;20250715;0;0;searching
20250715_153214.785503;20250715;0;0;searching
20250715_153215.111474;20250715;0;0;searching
20250715_153215.441788;20250715;0;0;searching
20250715_153215.770322;20250715;0;0;searching
20250715_153216.113320;20250715;0;0;searching
20250715_153216.451627;20250715;0;0;searching
20250715_153216.802616;20250715;0;0;searching
20250715_153217.138429;20250715;0;0;searching
20250715_153217.467649;20250715;0;0;searching
20250715_153217.803404;20250715;0;0;searching
20250715_153218.135336;20250715;0;0;searching
20250715_153218.470412;20250715;0;0;searching
20250715_153218.806395;20250715;0;0;searching
20250715_153219.142244;20250715;0;0;searching
20250715_153219.475341;20250715;0;0;searching
20250715_153219.808752;20250715;0;0;searching
20250715_153220.147961;20250715;0;0;searching
20250715_153220.484696;20250715;0;0;searching
20250715_153220.808014;20250715;0;0;searching
20250715_153221.147306;20250715;0;0;searching
20250715_153221.482422;20250715;0;0;searching
20250715_153221.829641;20250715;0;0;searching
20250715_153222.178743;20250715;0;0;searching
20250715_153222.522351;20250715;0;0;searching
20250715_153222.872327;20250715;0;0;searching
20250715_153223.222989;20250715;0;0;searching
20250715_153223.562639;20250715;0;0;searching
20250715_153223.893481;20250715;0;0;searching
20250715_153224.237528;20250715;0;0;searching
20250715_153224.584748;20250715;0;0;searching
20250715_153224.917123;20250715;0;0;searching
20250715_153225.256058;20250715;0;0;searching
20250715_153225.595666;20250715;0;0;searching
20250715_153225.939326;20250715;0;0;searching
20250715_153226.276756;20250715;0;0;searching
20250715_153226.632612;20250715;0;0;searching
20250715_153226.965405;20250715;0;0;searching
20250715_153227.297143;20250715;0;0;searching
20250715_153227.629006;20250715;0;0;searching
20250715_153227.959901;20250715;0;0;searching
20250715_153228.299486;20250715;0;0;searching
20250715_153228.629127;20250715;0;0;searching
20250715_153228.965626;20250715;0;0;searching
20250715_153229.300817;20250715;0;0;searching
20250715_153229.642080;20250715;0;0;searching
20250715_153229.976502;20250715;0;0;searching
20250715_153230.304982;20250715;0;0;searching
20250715_153230.636472;20250715;0;0;searching
20250715_153230.972802;20250715;0;0;searching
20250715_153231.302777;20250715;0;0;searching
20250715_153231.648106;20250715;0;0;searching
20250715_153231.980196;20250715;0;0;searching
20250715_153232.325257;20250715;0;0;searching
20250715_153232.667156;20250715;0;0;searching
20250715_153233.006724;20250715;0;0;searching
20250715_153233.345526;20250715;0;0;searching
20250715_153233.678497;20250715;0;0;searching
20250715_153234.011931;20250715;0;0;searching
20250715_153234.352481;20250715;0;0;searching
20250715_153234.684985;20250715;0;0;searching
20250715_153235.016001;20250715;0;0;searching
20250715_153235.367327;20250715;0;0;searching
20250715_153235.717005;20250715;0;0;searching
20250715_153236.061118;20250715;0;0;searching
20250715_153236.398439;20250715;0;0;searching
20250715_153236.752268;20250715;0;0;searching
20250715_153237.094187;20250715;0;0;searching
20250715_153237.422287;20250715;0;0;searching
20250715_153237.758557;20250715;0;0;searching
20250715_153238.099672;20250715;0;0;searching
20250715_153238.441244;20250715;0;0;searching
20250715_153238.774687;20250715;0;0;searching
20250715_153239.123225;20250715;0;0;searching
20250715_153239.468400;20250715;0;0;searching
20250715_153239.864626;20250715;0;0;searching
20250715_153240.219171;20250715;0;0;searching
20250715_153240.551569;20250715;0;0;searching
20250715_153240.887037;20250715;0;0;searching
20250715_153241.222160;20250715;0;0;searching
20250715_153241.570669;20250715;0;0;searching
20250715_153241.905311;20250715;0;0;searching
20250715_153242.236408;20250715;0;0;searching
20250715_153242.568729;20250715;0;0;searching
20250715_153242.896736;20250715;0;0;searching
20250715_153243.233318;20250715;0;0;searching
20250715_153243.568119;20250715;0;0;searching
20250715_153243.903873;20250715;0;0;searching
20250715_153244.243352;20250715;0;0;searching
20250715_153244.583586;20250715;0;0;searching
20250715_153244.924184;20250715;0;0;searching
20250715_153245.257953;20250715;0;0;searching
20250715_153245.584378;20250715;0;0;searching
20250715_153245.913731;20250715;0;0;searching
20250715_153246.248325;20250715;0;0;searching
20250715_153246.595897;20250715;0;0;searching
20250715_153246.921729;20250715;0;0;searching
20250715_153247.245429;20250715;0;0;searching
20250715_153247.577023;20250715;0;0;searching
20250715_153247.901345;20250715;0;0;searching
20250715_153248.236058;20250715;0;0;searching
20250715_153248.563556;20250715;0;0;searching
20250715_153248.893596;20250715;0;0;searching
20250715_153249.225662;20250715;0;0;searching
20250715_153249.552284;20250715;0;0;searching
20250715_153249.877928;20250715;0;0;searching
20250715_153250.210558;20250715;0;0;searching
20250715_153250.542738;20250715;0;0;searching
20250715_153250.875772;20250715;0;0;searching
20250715_153251.210881;20250715;0;0;searching
20250715_153251.564937;20250715;0;0;searching
20250715_153251.901497;20250715;0;0;searching
20250715_153252.239978;20250715;0;0;searching
20250715_153252.584907;20250715;0;0;searching
20250715_153252.922363;20250715;0;0;searching
20250715_153253.254201;20250715;0;0;searching
20250715_153253.587698;20250715;0;0;searching
20250715_153253.934381;20250715;0;0;searching
20250715_153254.274971;20250715;0;0;searching
20250715_153254.620352;20250715;0;0;searching
20250715_153254.958299;20250715;0;0;searching
20250715_153255.296676;20250715;0;0;searching
20250715_153255.637089;20250715;0;0;searching
20250715_153255.988575;20250715;0;0;searching
20250715_153256.324956;20250715;0;0;searching
20250715_153256.671873;20250715;0;0;searching
20250715_153257.006730;20250715;0;0;searching
20250715_153257.345079;20250715;0;0;searching
20250715_153257.683362;20250715;0;0;searching
20250715_153258.020284;20250715;0;0;searching
20250715_153258.353262;20250715;0;0;searching
20250715_153258.693415;20250715;0;0;searching
20250715_153259.034909;20250715;0;0;searching
20250715_153259.368348;20250715;0;0;searching
20250715_153259.701825;20250715;0;0;searching
20250715_153300.049560;20250715;0;0;searching
20250715_153300.389510;20250715;0;0;searching
20250715_153300.721368;20250715;0;0;searching
20250715_153301.058062;20250715;0;0;searching
20250715_153301.395457;20250715;0;0;searching
20250715_153301.745665;20250715;0;0;searching
20250715_153302.080187;20250715;0;0;searching
20250715_153302.415642;20250715;0;0;searching
20250715_153302.752288;20250715;0;0;searching
20250715_153303.087877;20250715;0;0;searching
20250715_153303.417595;20250715;0;0;searching
20250715_153303.750052;20250715;0;0;searching
20250715_153304.091703;20250715;0;0;searching
20250715_153304.422993;20250715;0;0;searching
20250715_153304.760247;20250715;0;0;searching
20250715_153305.095680;20250715;0;0;searching
20250715_153305.430298;20250715;0;0;searching
20250715_153305.787019;20250715;0;0;searching
20250715_153306.122254;20250715;0;0;searching
20250715_153306.467589;20250715;0;0;searching
20250715_153306.811548;20250715;0;0;searching
20250715_153307.148399;20250715;0;0;searching
20250715_153307.493799;20250715;0;0;searching
20250715_153307.836381;20250715;0;0;searching
20250715_153308.234848;20250715;0;0;searching
20250715_153308.570545;20250715;0;0;searching
20250715_153308.915881;20250715;0;0;searching
20250715_153309.250637;20250715;0;0;searching
20250715_153309.578684;20250715;0;0;searching
20250715_153309.906975;20250715;0;0;searching
20250715_153310.234243;20250715;0;0;searching
20250715_153310.568067;20250715;0;0;searching
20250715_153310.902455;20250715;0;0;searching
20250715_153311.239730;20250715;0;0;searching
20250715_153311.588790;20250715;0;0;searching
20250715_153311.929110;20250715;0;0;searching
20250715_153312.272874;20250715;0;0;searching
20250715_153312.606747;20250715;0;0;searching
20250715_153312.936503;20250715;0;0;searching
20250715_153313.280147;20250715;0;0;searching
20250715_153313.614841;20250715;0;0;searching
20250715_153313.945567;20250715;0;0;searching
20250715_153314.280762;20250715;0;0;searching
20250715_153314.620495;20250715;0;0;searching
20250715_153314.963303;20250715;0;0;searching
20250715_153315.307062;20250715;0;0;searching
20250715_153315.649287;20250715;0;0;searching
20250715_153315.986763;20250715;0;0;searching
20250715_153316.324996;20250715;0;0;searching
20250715_153316.683549;20250715;0;0;searching
20250715_153317.023853;20250715;0;0;searching
20250715_153317.379573;20250715;0;0;searching
20250715_153317.729096;20250715;0;0;searching
20250715_153318.073886;20250715;0;0;searching
20250715_153318.411515;20250715;0;0;searching
20250715_153318.745278;20250715;0;0;searching
20250715_153319.077373;20250715;0;0;searching
20250715_153319.408024;20250715;0;0;searching
20250715_153319.741532;20250715;0;0;searching
20250715_153320.073558;20250715;0;0;searching
20250715_153320.408301;20250715;45.87071333;8.979908333;locked
20250715_153320.741538;20250715;0;0;searching
20250715_153321.076957;20250715;0;0;searching
20250715_153321.412728;20250715;0;0;searching
20250715_153321.762676;20250715;0;0;searching
20250715_153322.094104;20250715;0;0;searching
20250715_153322.432579;20250715;45.870705;8.979858333;locked
20250715_153322.766012;20250715;0;0;searching
20250715_153323.092317;20250715;0;0;searching
20250715_153323.435917;20250715;0;0;searching
20250715_153323.770026;20250715;0;0;searching
20250715_153324.113075;20250715;0;0;searching
20250715_153324.448313;20250715;45.8707;8.979845;locked
20250715_153324.781669;20250715;0;0;searching
20250715_153325.115663;20250715;0;0;searching
20250715_153325.452037;20250715;0;0;searching
20250715_153325.794588;20250715;0;0;searching
20250715_153326.132960;20250715;0;0;searching
20250715_153326.468413;20250715;45.870695;8.979831667;locked
20250715_153326.824621;20250715;0;0;searching
20250715_153327.166678;20250715;0;0;searching
20250715_153327.505339;20250715;0;0;searching
20250715_153327.841918;20250715;0;0;searching
20250715_153328.182263;20250715;0;0;searching
20250715_153328.516157;20250715;45.87069;8.97982;locked
20250715_153328.851750;20250715;0;0;searching
20250715_153329.198270;20250715;0;0;searching
20250715_153329.541564;20250715;0;0;searching
20250715_153329.874194;20250715;0;0;searching
20250715_153330.206871;20250715;0;0;searching
20250715_153330.536032;20250715;45.87068667;8.97981;locked
20250715_153330.880944;20250715;0;0;searching
20250715_153331.217509;20250715;0;0;searching
20250715_153331.559260;20250715;0;0;searching
20250715_153331.905038;20250715;0;0;searching
20250715_153332.245577;20250715;0;0;searching
20250715_153332.587435;20250715;45.87069;8.979806667;locked
20250715_153332.918368;20250715;0;0;searching
20250715_153333.269389;20250715;0;0;searching
20250715_153333.603150;20250715;0;0;searching
20250715_153333.939726;20250715;0;0;searching
20250715_153334.281185;20250715;0;0;searching
20250715_153334.631114;20250715;45.87069167;8.9798;locked
20250715_153335.020103;20250715;0;0;searching
20250715_153335.355883;20250715;0;0;searching
20250715_153335.685697;20250715;0;0;searching
20250715_153336.047862;20250715;0;0;searching
20250715_153336.392627;20250715;0;0;searching
20250715_153336.748928;20250715;45.87069167;8.97979;locked
20250715_153337.086578;20250715;0;0;searching
20250715_153337.425235;20250715;0;0;searching
20250715_153337.764296;20250715;0;0;searching
20250715_153338.103540;20250715;0;0;searching
20250715_153338.447471;20250715;0;0;searching
20250715_153338.775559;20250715;45.87069333;8.979783333;locked
20250715_153339.108835;20250715;0;0;searching
20250715_153339.437871;20250715;0;0;searching
20250715_153339.768408;20250715;0;0;searching
20250715_153340.100243;20250715;0;0;searching
20250715_153340.459525;20250715;0;0;searching
20250715_153340.803815;20250715;45.870695;8.979773333;locked
20250715_153341.136683;20250715;0;0;searching
20250715_153341.472519;20250715;0;0;searching
20250715_153341.822271;20250715;0;0;searching
20250715_153342.165689;20250715;0;0;searching
20250715_153342.509352;20250715;0;0;searching
20250715_153342.846316;20250715;45.87069333;8.979763333;locked
20250715_153343.181836;20250715;0;0;searching
20250715_153343.516540;20250715;0;0;searching
20250715_153343.854989;20250715;0;0;searching
20250715_153344.188538;20250715;0;0;searching
20250715_153344.524014;20250715;0;0;searching
20250715_153344.866472;20250715;45.87069;8.97975;locked
20250715_153345.204021;20250715;0;0;searching
20250715_153345.542345;20250715;0;0;searching
20250715_153345.875093;20250715;0;0;searching
20250715_153346.226074;20250715;0;0;searching
20250715_153346.577982;20250715;0;0;searching
20250715_153346.924976;20250715;0;0;searching
20250715_153347.249012;20250715;0;0;searching
20250715_153347.576205;20250715;0;0;searching
20250715_153347.902169;20250715;0;0;searching
20250715_153348.236694;20250715;0;0;searching
20250715_153348.561375;20250715;0;0;searching
20250715_153348.883166;20250715;0;0;searching
20250715_153349.213866;20250715;0;0;searching
20250715_153349.540628;20250715;0;0;searching
20250715_153349.867949;20250715;0;0;searching
20250715_153350.197089;20250715;0;0;searching
20250715_153350.536892;20250715;0;0;searching
20250715_153350.861019;20250715;0;0;searching
20250715_153351.189201;20250715;0;0;searching
20250715_153351.538622;20250715;0;0;searching
20250715_153351.874674;20250715;0;0;searching
20250715_153352.201240;20250715;0;0;searching
20250715_153352.528867;20250715;0;0;searching
20250715_153352.860067;20250715;0;0;searching
20250715_153353.182907;20250715;0;0;searching
20250715_153353.519573;20250715;0;0;searching
20250715_153353.849318;20250715;0;0;searching
20250715_153354.175007;20250715;0;0;searching
20250715_153354.500143;20250715;0;0;searching
20250715_153354.827856;20250715;0;0;searching
20250715_153355.153111;20250715;0;0;searching
20250715_153355.479993;20250715;0;0;searching
20250715_153355.815021;20250715;0;0;searching
20250715_153356.145757;20250715;0;0;searching
20250715_153356.476568;20250715;0;0;searching
20250715_153356.813707;20250715;45.87063;8.979436667;locked
20250715_153357.145591;20250715;0;0;searching
20250715_153357.477238;20250715;0;0;searching
20250715_153357.819308;20250715;0;0;searching
20250715_153358.158708;20250715;0;0;searching
20250715_153358.493043;20250715;0;0;searching
20250715_153358.825514;20250715;45.87066167;8.979356667;locked
20250715_153359.174737;20250715;0;0;searching
20250715_153359.510517;20250715;0;0;searching
20250715_153359.842619;20250715;0;0;searching
20250715_153400.173093;20250715;0;0;searching
20250715_153400.507195;20250715;0;0;searching
20250715_153400.846863;20250715;45.87069667;8.979268333;locked
20250715_153401.175961;20250715;0;0;searching
20250715_153401.507097;20250715;0;0;searching
20250715_153401.843118;20250715;0;0;searching
20250715_153402.173326;20250715;0;0;searching
20250715_153402.504462;20250715;0;0;searching
20250715_153402.839686;20250715;45.87074167;8.979183333;locked
20250715_153403.177803;20250715;0;0;searching
20250715_153403.543466;20250715;0;0;searching
20250715_153403.912617;20250715;0;0;searching
20250715_153404.253286;20250715;0;0;searching
20250715_153404.597448;20250715;0;0;searching
20250715_153404.922254;20250715;45.87075667;8.979161667;locked
20250715_153405.250536;20250715;0;0;searching
20250715_153405.584828;20250715;0;0;searching
20250715_153405.917573;20250715;0;0;searching
20250715_153406.266705;20250715;0;0;searching
20250715_153406.611659;20250715;0;0;searching
20250715_153406.934085;20250715;45.87077333;8.979138333;locked
20250715_153407.271670;20250715;0;0;searching
20250715_153407.603322;20250715;0;0;searching
20250715_153407.933967;20250715;0;0;searching
20250715_153408.263045;20250715;0;0;searching
20250715_153408.585118;20250715;0;0;searching
20250715_153408.922159;20250715;45.870785;8.979125;locked
20250715_153409.259004;20250715;0;0;searching
20250715_153409.584545;20250715;0;0;searching
20250715_153409.915691;20250715;0;0;searching
20250715_153410.241127;20250715;0;0;searching
20250715_153410.570679;20250715;0;0;searching
20250715_153410.900986;20250715;45.87080167;8.979106667;locked
20250715_153411.245533;20250715;0;0;searching
20250715_153411.599691;20250715;0;0;searching
20250715_153411.927856;20250715;0;0;searching
20250715_153412.264006;20250715;0;0;searching
20250715_153412.598913;20250715;0;0;searching
20250715_153412.926633;20250715;0;0;searching
20250715_153413.264390;20250715;0;0;searching
20250715_153413.593176;20250715;0;0;searching
20250715_153413.932053;20250715;0;0;searching
20250715_153414.276233;20250715;45.87083;8.979065;locked
20250715_153414.607080;20250715;0;0;searching
20250715_153414.936531;20250715;0;0;searching
20250715_153415.265541;20250715;0;0;searching
20250715_153415.599017;20250715;0;0;searching
20250715_153415.942287;20250715;0;0;searching
20250715_153416.279883;20250715;45.87083833;8.979045;locked
20250715_153416.640732;20250715;0;0;searching
20250715_153416.976073;20250715;0;0;searching
20250715_153417.309223;20250715;0;0;searching
20250715_153417.642217;20250715;0;0;searching
20250715_153417.972198;20250715;0;0;searching
20250715_153418.301338;20250715;45.87083833;8.979026667;locked
20250715_153418.630039;20250715;0;0;searching
20250715_153418.964689;20250715;0;0;searching
20250715_153419.289166;20250715;0;0;searching
20250715_153419.620408;20250715;0;0;searching
20250715_153419.945208;20250715;0;0;searching
20250715_153420.278571;20250715;45.87083833;8.979025;locked
20250715_153420.616565;20250715;0;0;searching
20250715_153420.947135;20250715;0;0;searching
20250715_153421.279112;20250715;0;0;searching
20250715_153421.622065;20250715;0;0;searching
20250715_153421.954433;20250715;0;0;searching
20250715_153422.286236;20250715;45.87084167;8.979023333;locked
20250715_153422.618150;20250715;0;0;searching
20250715_153422.946133;20250715;0;0;searching
20250715_153423.276326;20250715;0;0;searching
20250715_153423.604849;20250715;0;0;searching
20250715_153423.927498;20250715;0;0;searching
20250715_153424.252851;20250715;45.87084167;8.979015;locked
20250715_153424.571135;20250715;0;0;searching
20250715_153424.890727;20250715;0;0;searching
20250715_153425.223335;20250715;0;0;searching
20250715_153425.545692;20250715;0;0;searching
20250715_153425.866967;20250715;0;0;searching
20250715_153426.188408;20250715;45.870835;8.979011667;locked
20250715_153426.520997;20250715;0;0;searching
20250715_153426.857578;20250715;0;0;searching
20250715_153427.188078;20250715;0;0;searching
20250715_153427.518940;20250715;0;0;searching
20250715_153427.853293;20250715;0;0;searching
20250715_153428.184693;20250715;45.87082833;8.979001667;locked
20250715_153428.517967;20250715;0;0;searching
20250715_153428.893273;20250715;0;0;searching
20250715_153429.248105;20250715;0;0;searching
20250715_153429.580437;20250715;0;0;searching
20250715_153429.918341;20250715;0;0;searching
20250715_153430.242380;20250715;45.87081667;8.978996667;locked
20250715_153430.568443;20250715;0;0;searching
20250715_153430.893125;20250715;0;0;searching
20250715_153431.214572;20250715;0;0;searching
20250715_153431.559270;20250715;0;0;searching
20250715_153431.893361;20250715;0;0;searching
20250715_153432.219098;20250715;45.87080667;8.978983333;locked
20250715_153432.556525;20250715;0;0;searching
20250715_153432.886268;20250715;0;0;searching
20250715_153433.231106;20250715;0;0;searching
20250715_153433.566116;20250715;0;0;searching
20250715_153433.899129;20250715;0;0;searching
20250715_153434.233190;20250715;45.87079833;8.978975;locked
20250715_153434.568006;20250715;0;0;searching
20250715_153434.903066;20250715;0;0;searching
20250715_153435.257167;20250715;0;0;searching
20250715_153435.601990;20250715;0;0;searching
20250715_153435.941337;20250715;0;0;searching
20250715_153436.297280;20250715;45.87078833;8.978965;locked
20250715_153436.647107;20250715;0;0;searching
20250715_153436.988471;20250715;0;0;searching
20250715_153437.328006;20250715;0;0;searching
20250715_153437.670152;20250715;0;0;searching
20250715_153438.011039;20250715;0;0;searching
20250715_153438.344441;20250715;45.870775;8.978956667;locked
20250715_153438.677006;20250715;0;0;searching
20250715_153439.020734;20250715;0;0;searching
20250715_153439.353782;20250715;0;0;searching
20250715_153439.701477;20250715;0;0;searching
20250715_153440.030246;20250715;0;0;searching
20250715_153440.369509;20250715;45.87076333;8.978943333;locked
20250715_153440.695222;20250715;0;0;searching
20250715_153441.024531;20250715;0;0;searching
20250715_153441.360583;20250715;0;0;searching
20250715_153441.716310;20250715;0;0;searching
20250715_153442.047611;20250715;0;0;searching
20250715_153442.380897;20250715;45.87075167;8.978933333;locked
20250715_153442.713589;20250715;0;0;searching
20250715_153443.049827;20250715;0;0;searching
20250715_153443.383970;20250715;0;0;searching
20250715_153443.722599;20250715;0;0;searching
20250715_153444.054462;20250715;0;0;searching
20250715_153444.404016;20250715;45.87074;8.978925;locked
20250715_153444.732077;20250715;0;0;searching
20250715_153445.062505;20250715;0;0;searching
20250715_153445.387892;20250715;0;0;searching
20250715_153445.715492;20250715;0;0;searching
20250715_153446.041874;20250715;0;0;searching
20250715_153446.367857;20250715;45.87073167;8.978918333;locked
20250715_153446.712475;20250715;0;0;searching
20250715_153447.047052;20250715;0;0;searching
20250715_153447.380120;20250715;0;0;searching
20250715_153447.713144;20250715;0;0;searching
20250715_153448.042693;20250715;0;0;searching
20250715_153448.377694;20250715;45.87072;8.978906667;locked
20250715_153448.711231;20250715;0;0;searching
20250715_153449.039722;20250715;0;0;searching
20250715_153449.377911;20250715;0;0;searching
20250715_153449.708738;20250715;0;0;searching
20250715_153450.042499;20250715;0;0;searching
20250715_153450.373169;20250715;45.87071;8.978898333;locked
20250715_153450.706877;20250715;0;0;searching
20250715_153451.035336;20250715;0;0;searching
20250715_153451.363538;20250715;0;0;searching
20250715_153451.717362;20250715;0;0;searching
20250715_153452.057243;20250715;0;0;searching
20250715_153452.389782;20250715;45.87069833;8.97889;locked
20250715_153452.722645;20250715;0;0;searching
20250715_153453.052228;20250715;0;0;searching
20250715_153453.394043;20250715;0;0;searching
20250715_153453.723692;20250715;0;0;searching
20250715_153454.056673;20250715;0;0;searching
20250715_153454.385487;20250715;45.87069;8.978876667;locked
20250715_153454.714487;20250715;0;0;searching
20250715_153455.047980;20250715;0;0;searching
20250715_153455.375196;20250715;0;0;searching
20250715_153455.727912;20250715;0;0;searching
20250715_153456.070816;20250715;0;0;searching
20250715_153456.410688;20250715;45.87068333;8.978865;locked
20250715_153456.777741;20250715;0;0;searching
20250715_153457.110384;20250715;0;0;searching
20250715_153457.463118;20250715;0;0;searching
20250715_153457.850587;20250715;0;0;searching
20250715_153458.190479;20250715;0;0;searching
20250715_153458.527718;20250715;45.87067167;8.978856667;locked
20250715_153458.858241;20250715;0;0;searching
20250715_153459.195258;20250715;0;0;searching
20250715_153459.533564;20250715;0;0;searching
20250715_153459.867678;20250715;0;0;searching
20250715_153500.213931;20250715;0;0;searching
20250715_153500.554944;20250715;45.87066833;8.978848333;locked
20250715_153500.891465;20250715;0;0;searching
20250715_153501.242645;20250715;0;0;searching
20250715_153501.632928;20250715;0;0;searching
20250715_153501.969827;20250715;0;0;searching
20250715_153502.306878;20250715;0;0;searching
20250715_153502.636505;20250715;45.87066333;8.978836667;locked
20250715_153502.964951;20250715;0;0;searching
20250715_153503.294217;20250715;0;0;searching
20250715_153503.634116;20250715;0;0;searching
20250715_153503.963938;20250715;0;0;searching
20250715_153504.299285;20250715;0;0;searching
20250715_153504.629542;20250715;45.87065333;8.978821667;locked
20250715_153504.956839;20250715;0;0;searching
20250715_153505.290113;20250715;0;0;searching
20250715_153505.618648;20250715;0;0;searching
20250715_153505.928033;20250715;0;0;searching
20250715_153506.241155;20250715;0;0;searching
20250715_153506.578348;20250715;45.87064333;8.978811667;locked
20250715_153506.891096;20250715;0;0;searching
20250715_153507.205006;20250715;0;0;searching
20250715_153507.515292;20250715;0;0;searching
20250715_153507.826649;20250715;0;0;searching
20250715_153508.135669;20250715;0;0;searching
20250715_153508.450928;20250715;45.87065;8.97879;locked
20250715_153508.770798;20250715;0;0;searching
20250715_153509.081822;20250715;0;0;searching
20250715_153509.397477;20250715;0;0;searching
20250715_153509.710767;20250715;0;0;searching
20250715_153510.030374;20250715;0;0;searching
20250715_153510.346478;20250715;45.87065167;8.978773333;locked
20250715_153510.656566;20250715;0;0;searching
20250715_153511.070309;20250715;0;0;searching
20250715_153511.382077;20250715;0;0;searching
20250715_153511.701853;20250715;0;0;searching
20250715_153512.015867;20250715;0;0;searching
20250715_153512.331512;20250715;45.87065;8.978761667;locked
20250715_153512.644167;20250715;0;0;searching
20250715_153512.955304;20250715;0;0;searching
20250715_153513.272787;20250715;0;0;searching
20250715_153513.588769;20250715;0;0;searching
20250715_153513.900260;20250715;0;0;searching
20250715_153514.212201;20250715;45.87065;8.978748333;locked
20250715_153514.532119;20250715;0;0;searching
20250715_153514.846725;20250715;0;0;searching
20250715_153515.158912;20250715;0;0;searching
20250715_153515.468037;20250715;0;0;searching
20250715_153515.782171;20250715;0;0;searching
20250715_153516.095107;20250715;45.87064333;8.978741667;locked
20250715_153516.406931;20250715;0;0;searching
20250715_153516.729208;20250715;0;0;searching
20250715_153517.046285;20250715;0;0;searching
20250715_153517.360742;20250715;0;0;searching
20250715_153517.676857;20250715;0;0;searching
20250715_153517.994245;20250715;45.87063667;8.978736667;locked
20250715_153518.406861;20250715;0;0;searching
20250715_153518.719477;20250715;0;0;searching
20250715_153519.133695;20250715;0;0;searching
20250715_153519.449336;20250715;0;0;searching
20250715_153519.774366;20250715;0;0;searching
20250715_153520.088544;20250715;45.870635;8.978731667;locked
20250715_153520.402042;20250715;0;0;searching
20250715_153520.714653;20250715;0;0;searching
20250715_153521.030231;20250715;0;0;searching
20250715_153521.345629;20250715;0;0;searching
20250715_153521.681879;20250715;0;0;searching
20250715_153521.995889;20250715;45.87063333;8.978726667;locked
20250715_153522.305904;20250715;0;0;searching
20250715_153522.624122;20250715;0;0;searching
20250715_153522.937039;20250715;0;0;searching
20250715_153523.246121;20250715;0;0;searching
20250715_153523.557626;20250715;0;0;searching
20250715_153523.970115;20250715;45.87063167;8.978728333;locked
20250715_153524.280283;20250715;0;0;searching
20250715_153524.588960;20250715;0;0;searching
20250715_153524.899430;20250715;0;0;searching
20250715_153525.213544;20250715;0;0;searching
20250715_153525.531432;20250715;0;0;searching
20250715_153525.839410;20250715;45.87063167;8.978723333;locked
20250715_153526.151619;20250715;0;0;searching
20250715_153526.463228;20250715;0;0;searching
20250715_153526.783593;20250715;0;0;searching
20250715_153527.103161;20250715;0;0;searching
20250715_153527.425278;20250715;0;0;searching
20250715_153527.755182;20250715;45.87062833;8.978721667;locked
20250715_153528.062496;20250715;0;0;searching
20250715_153528.377376;20250715;0;0;searching
20250715_153528.688167;20250715;0;0;searching
20250715_153528.999370;20250715;0;0;searching
20250715_153529.309985;20250715;0;0;searching
20250715_153529.622670;20250715;45.87062333;8.978718333;locked
20250715_153529.933587;20250715;0;0;searching
20250715_153530.355714;20250715;0;0;searching
20250715_153530.682270;20250715;0;0;searching
20250715_153530.998403;20250715;0;0;searching
20250715_153531.311336;20250715;0;0;searching
20250715_153531.631135;20250715;45.87061833;8.978713333;locked
20250715_153531.943789;20250715;0;0;searching
20250715_153532.259517;20250715;0;0;searching
20250715_153532.571148;20250715;0;0;searching
20250715_153532.989205;20250715;0;0;searching
20250715_153533.299438;20250715;0;0;searching
20250715_153533.607747;20250715;45.87060667;8.978695;locked
20250715_153533.917993;20250715;0;0;searching
20250715_153534.230987;20250715;0;0;searching
20250715_153534.543506;20250715;0;0;searching
20250715_153534.851431;20250715;0;0;searching
20250715_153535.171216;20250715;0;0;searching
20250715_153535.490266;20250715;45.87059333;8.978681667;locked
20250715_153535.806557;20250715;0;0;searching
20250715_153536.114314;20250715;0;0;searching
20250715_153536.424167;20250715;0;0;searching
20250715_153536.765425;20250715;0;0;searching
20250715_153537.082284;20250715;0;0;searching
20250715_153537.391187;20250715;45.87059167;8.978666667;locked
20250715_153537.699628;20250715;0;0;searching
20250715_153538.003494;20250715;0;0;searching
20250715_153538.310376;20250715;0;0;searching
20250715_153538.619845;20250715;0;0;searching
20250715_153538.926440;20250715;0;0;searching
20250715_153539.238094;20250715;45.87058833;8.978653333;locked
20250715_153539.543184;20250715;0;0;searching
20250715_153539.852139;20250715;0;0;searching
20250715_153540.159317;20250715;0;0;searching
20250715_153540.470484;20250715;0;0;searching
20250715_153540.787493;20250715;0;0;searching
20250715_153541.096354;20250715;45.87057333;8.978645;locked
20250715_153541.404970;20250715;0;0;searching
20250715_153541.720213;20250715;0;0;searching
20250715_153542.026409;20250715;0;0;searching
20250715_153542.334541;20250715;0;0;searching
20250715_153542.639098;20250715;0;0;searching
20250715_153542.943709;20250715;45.870555;8.97865;locked
20250715_153543.246927;20250715;0;0;searching
20250715_153543.552743;20250715;0;0;searching
20250715_153543.858446;20250715;0;0;searching
20250715_153544.164559;20250715;0;0;searching
20250715_153544.469017;20250715;0;0;searching
20250715_153544.776220;20250715;45.87054833;8.97867;locked
20250715_153545.082530;20250715;0;0;searching
20250715_153545.385477;20250715;0;0;searching
20250715_153545.686418;20250715;0;0;searching
20250715_153545.987573;20250715;0;0;searching
20250715_153546.291446;20250715;0;0;searching
20250715_153546.631006;20250715;45.870545;8.978686667;locked
20250715_153546.948312;20250715;0;0;searching
20250715_153547.256396;20250715;0;0;searching
20250715_153547.568976;20250715;0;0;searching
20250715_153547.882159;20250715;0;0;searching
20250715_153548.192080;20250715;0;0;searching
20250715_153548.609577;20250715;45.87054333;8.978706667;locked
20250715_153548.922926;20250715;0;0;searching
20250715_153549.237144;20250715;0;0;searching
20250715_153549.551507;20250715;0;0;searching
20250715_153549.863739;20250715;0;0;searching
20250715_153550.176694;20250715;0;0;searching
20250715_153550.487112;20250715;45.87055167;8.978725;locked
20250715_153550.796870;20250715;0;0;searching
20250715_153551.108677;20250715;0;0;searching
20250715_153551.421829;20250715;0;0;searching
20250715_153551.742874;20250715;0;0;searching
20250715_153552.057248;20250715;0;0;searching
20250715_153552.370343;20250715;45.87055833;8.97874;locked
20250715_153552.685713;20250715;0;0;searching
20250715_153553.000253;20250715;0;0;searching
20250715_153553.314486;20250715;0;0;searching
20250715_153553.625154;20250715;0;0;searching
20250715_153553.939240;20250715;0;0;searching
20250715_153554.257224;20250715;45.87055833;8.97874;locked
20250715_153554.670729;20250715;0;0;searching
20250715_153554.987351;20250715;0;0;searching
20250715_153555.302656;20250715;0;0;searching
20250715_153555.717184;20250715;0;0;searching
20250715_153556.032202;20250715;0;0;searching
20250715_153556.353180;20250715;45.87055833;8.97874;locked
20250715_153556.683868;20250715;0;0;searching
20250715_153557.006667;20250715;0;0;searching
20250715_153557.422191;20250715;0;0;searching
20250715_153557.743974;20250715;0;0;searching
20250715_153558.058687;20250715;0;0;searching
20250715_153558.478905;20250715;45.87055833;8.97874;locked
20250715_153558.793483;20250715;0;0;searching
20250715_153559.110008;20250715;0;0;searching
20250715_153559.428777;20250715;0;0;searching
20250715_153559.744189;20250715;0;0;searching
20250715_153600.069634;20250715;0;0;searching
20250715_153600.387428;20250715;45.87055833;8.97874;locked
20250715_153600.704803;20250715;0;0;searching
20250715_153601.018048;20250715;0;0;searching
20250715_153601.337340;20250715;0;0;searching
20250715_153601.655190;20250715;0;0;searching
20250715_153601.960954;20250715;0;0;searching
20250715_153602.286311;20250715;45.87055833;8.97874;locked
20250715_153602.705985;20250715;0;0;searching
20250715_153603.019911;20250715;0;0;searching
20250715_153603.334838;20250715;0;0;searching
20250715_153603.642072;20250715;0;0;searching
20250715_153603.952953;20250715;0;0;searching
20250715_153604.255731;20250715;45.87055833;8.97874;locked
20250715_153604.565652;20250715;0;0;searching
20250715_153604.882030;20250715;0;0;searching
20250715_153605.202806;20250715;0;0;searching
20250715_153605.518972;20250715;0;0;searching
20250715_153605.831748;20250715;0;0;searching
20250715_153606.148188;20250715;45.87063667;8.978781667;locked
20250715_153606.462489;20250715;0;0;searching
20250715_153606.782334;20250715;0;0;searching
20250715_153607.089171;20250715;0;0;searching
20250715_153607.390798;20250715;0;0;searching
20250715_153607.700386;20250715;0;0;searching
20250715_153608.013211;20250715;45.87065333;8.978793333;locked
20250715_153608.322474;20250715;0;0;searching
20250715_153608.633170;20250715;0;0;searching
20250715_153608.936610;20250715;0;0;searching
20250715_153609.246329;20250715;0;0;searching
20250715_153609.556551;20250715;0;0;searching
20250715_153609.859987;20250715;45.870675;8.9788;locked
20250715_153610.167978;20250715;0;0;searching
20250715_153610.476344;20250715;0;0;searching
20250715_153610.780563;20250715;0;0;searching
20250715_153611.087547;20250715;0;0;searching
20250715_153611.395556;20250715;0;0;searching
20250715_153611.712076;20250715;45.87068833;8.978811667;locked
20250715_153612.047577;20250715;0;0;searching
20250715_153612.358893;20250715;0;0;searching
20250715_153612.678229;20250715;0;0;searching
20250715_153612.982025;20250715;0;0;searching
20250715_153613.298707;20250715;0;0;searching
20250715_153613.617747;20250715;45.87070667;8.978816667;locked
20250715_153613.945549;20250715;0;0;searching
20250715_153614.258875;20250715;0;0;searching
20250715_153614.570208;20250715;0;0;searching
20250715_153614.902595;20250715;0;0;searching
20250715_153615.271913;20250715;0;0;searching
20250715_153615.585351;20250715;45.87076833;8.97882;locked
20250715_153615.894832;20250715;0;0;searching
20250715_153616.207670;20250715;0;0;searching
20250715_153616.520921;20250715;0;0;searching
20250715_153616.834743;20250715;0;0;searching
20250715_153617.147219;20250715;0;0;searching
20250715_153617.460783;20250715;45.87080333;8.978825;locked
20250715_153617.779468;20250715;0;0;searching
20250715_153618.097718;20250715;0;0;searching
20250715_153618.416442;20250715;0;0;searching
20250715_153618.730792;20250715;0;0;searching
20250715_153619.053353;20250715;0;0;searching
20250715_153619.368691;20250715;45.87082167;8.978833333;locked
20250715_153619.695317;20250715;0;0;searching
20250715_153620.013661;20250715;0;0;searching
20250715_153620.331467;20250715;0;0;searching
20250715_153620.646926;20250715;0;0;searching
20250715_153620.963824;20250715;0;0;searching
20250715_153621.279056;20250715;45.87083667;8.978843333;locked
20250715_153621.613494;20250715;0;0;searching
20250715_153621.925464;20250715;0;0;searching
20250715_153622.236112;20250715;0;0;searching
20250715_153622.544075;20250715;0;0;searching
20250715_153622.857107;20250715;0;0;searching
20250715_153623.170750;20250715;45.87083667;8.978855;locked
20250715_153623.478612;20250715;0;0;searching
20250715_153623.787109;20250715;0;0;searching
20250715_153624.092953;20250715;0;0;searching
20250715_153624.399845;20250715;0;0;searching
20250715_153624.707180;20250715;0;0;searching
20250715_153625.121033;20250715;45.87084667;8.978858333;locked
20250715_153625.430722;20250715;0;0;searching
20250715_153625.751535;20250715;0;0;searching
20250715_153626.066577;20250715;0;0;searching
20250715_153626.377130;20250715;0;0;searching
20250715_153626.700702;20250715;0;0;searching
20250715_153627.014774;20250715;45.870855;8.978868333;locked
20250715_153627.330322;20250715;0;0;searching
20250715_153627.642569;20250715;0;0;searching
20250715_153627.956886;20250715;0;0;searching
20250715_153628.270080;20250715;0;0;searching
20250715_153628.593246;20250715;0;0;searching
20250715_153628.912248;20250715;45.87086833;8.978873333;locked
20250715_153629.231125;20250715;0;0;searching
20250715_153629.547812;20250715;0;0;searching
20250715_153629.862025;20250715;0;0;searching
20250715_153630.189793;20250715;0;0;searching
20250715_153630.500686;20250715;0;0;searching
20250715_153630.806003;20250715;45.87087833;8.978881667;locked
20250715_153631.112801;20250715;0;0;searching
20250715_153631.413427;20250715;0;0;searching
20250715_153631.729518;20250715;0;0;searching
20250715_153632.042173;20250715;0;0;searching
20250715_153632.352165;20250715;0;0;searching
20250715_153632.667262;20250715;45.87088833;8.978891667;locked
20250715_153632.972015;20250715;0;0;searching
20250715_153633.280809;20250715;0;0;searching
20250715_153633.600266;20250715;0;0;searching
20250715_153633.927087;20250715;0;0;searching
20250715_153634.251651;20250715;0;0;searching
20250715_153634.560496;20250715;45.87089;8.978903333;locked
20250715_153634.872250;20250715;0;0;searching
20250715_153635.184383;20250715;0;0;searching
20250715_153635.492913;20250715;0;0;searching
20250715_153635.800089;20250715;0;0;searching
20250715_153636.113826;20250715;0;0;searching
20250715_153636.424870;20250715;45.87089667;8.978911667;locked
20250715_153636.768062;20250715;0;0;searching
20250715_153637.114242;20250715;0;0;searching
20250715_153637.442403;20250715;0;0;searching
20250715_153637.748488;20250715;0;0;searching
20250715_153638.053704;20250715;0;0;searching
20250715_153638.359514;20250715;45.870905;8.978916667;locked
20250715_153638.669121;20250715;0;0;searching
20250715_153638.983844;20250715;0;0;searching
20250715_153639.294011;20250715;0;0;searching
20250715_153639.599536;20250715;0;0;searching
20250715_153639.905949;20250715;0;0;searching
20250715_153640.215699;20250715;45.87091333;8.97892;locked
20250715_153640.526480;20250715;0;0;searching
20250715_153640.831609;20250715;0;0;searching
20250715_153641.145365;20250715;0;0;searching
20250715_153641.459528;20250715;0;0;searching
20250715_153641.789717;20250715;0;0;searching
20250715_153642.110958;20250715;45.87091833;8.978923333;locked
20250715_153642.417646;20250715;0;0;searching
20250715_153642.726988;20250715;0;0;searching
20250715_153643.040470;20250715;0;0;searching
20250715_153643.369036;20250715;0;0;searching
20250715_153643.696821;20250715;0;0;searching
20250715_153644.036239;20250715;45.87091333;8.978936667;locked
20250715_153644.359329;20250715;0;0;searching
20250715_153644.689587;20250715;0;0;searching
20250715_153645.012545;20250715;0;0;searching
20250715_153645.333269;20250715;0;0;searching
20250715_153645.655988;20250715;0;0;searching
20250715_153645.975942;20250715;45.87091333;8.978953333;locked
20250715_153646.300449;20250715;0;0;searching
20250715_153646.636144;20250715;0;0;searching
20250715_153646.966635;20250715;0;0;searching
20250715_153647.291780;20250715;0;0;searching
20250715_153647.617670;20250715;0;0;searching
20250715_153647.939667;20250715;45.87091333;8.978968333;locked
20250715_153648.264642;20250715;0;0;searching
20250715_153648.592954;20250715;0;0;searching
20250715_153648.913342;20250715;0;0;searching
20250715_153649.232221;20250715;0;0;searching
20250715_153649.554242;20250715;0;0;searching
20250715_153649.883267;20250715;45.870915;8.978976667;locked
20250715_153650.209132;20250715;0;0;searching
20250715_153650.533176;20250715;0;0;searching
20250715_153650.852105;20250715;0;0;searching
20250715_153651.173617;20250715;0;0;searching
20250715_153651.493356;20250715;0;0;searching
20250715_153651.835355;20250715;45.870915;8.978985;locked
20250715_153652.169706;20250715;0;0;searching
20250715_153652.494289;20250715;0;0;searching
20250715_153652.827094;20250715;0;0;searching
20250715_153653.156987;20250715;0;0;searching
20250715_153653.486921;20250715;0;0;searching
20250715_153653.816204;20250715;45.87091333;8.979001667;locked
20250715_153654.131894;20250715;0;0;searching
20250715_153654.455504;20250715;0;0;searching
20250715_153654.769781;20250715;0;0;searching
20250715_153655.085463;20250715;0;0;searching
20250715_153655.402981;20250715;0;0;searching
20250715_153655.730703;20250715;45.870905;8.979013333;locked
20250715_153656.151567;20250715;0;0;searching
20250715_153656.488163;20250715;0;0;searching
20250715_153656.823352;20250715;0;0;searching
20250715_153657.150990;20250715;0;0;searching
20250715_153657.478609;20250715;0;0;searching
20250715_153657.820601;20250715;45.87091;8.979015;locked
20250715_153658.140890;20250715;0;0;searching
20250715_153658.468263;20250715;0;0;searching
20250715_153658.786666;20250715;0;0;searching
20250715_153659.105747;20250715;0;0;searching
20250715_153659.432465;20250715;0;0;searching
20250715_153659.760217;20250715;45.87091;8.979021667;locked
20250715_153700.082742;20250715;0;0;searching
20250715_153700.409713;20250715;0;0;searching
20250715_153700.729273;20250715;0;0;searching
20250715_153701.054229;20250715;0;0;searching
20250715_153701.374750;20250715;0;0;searching
20250715_153701.719567;20250715;45.87090833;8.979023333;locked
20250715_153702.045989;20250715;0;0;searching
20250715_153702.379206;20250715;0;0;searching
20250715_153702.741662;20250715;0;0;searching
20250715_153703.093303;20250715;0;0;searching
20250715_153703.426863;20250715;0;0;searching
20250715_153703.750824;20250715;45.8709;8.97902;locked
20250715_153704.072624;20250715;0;0;searching
20250715_153704.394137;20250715;0;0;searching
20250715_153704.717134;20250715;0;0;searching
20250715_153705.042360;20250715;0;0;searching
20250715_153705.365278;20250715;0;0;searching
20250715_153705.690230;20250715;45.870895;8.979013333;locked
20250715_153706.013198;20250715;0;0;searching
20250715_153706.337085;20250715;0;0;searching
20250715_153706.683644;20250715;0;0;searching
20250715_153707.005765;20250715;0;0;searching
20250715_153707.351785;20250715;0;0;searching
20250715_153707.685934;20250715;45.87089167;8.97901;locked
20250715_153708.006102;20250715;0;0;searching
20250715_153708.326931;20250715;0;0;searching
20250715_153708.654993;20250715;0;0;searching
20250715_153708.982443;20250715;0;0;searching
20250715_153709.306374;20250715;0;0;searching
20250715_153709.629904;20250715;45.87088833;8.979008333;locked
20250715_153709.965988;20250715;0;0;searching
20250715_153710.298201;20250715;0;0;searching
20250715_153710.625302;20250715;0;0;searching
20250715_153710.951093;20250715;0;0;searching
20250715_153711.281398;20250715;0;0;searching
20250715_153711.623830;20250715;45.87088833;8.979008333;locked
20250715_153711.945655;20250715;0;0;searching
20250715_153712.273094;20250715;0;0;searching
20250715_153712.597690;20250715;0;0;searching
20250715_153712.922703;20250715;0;0;searching
20250715_153713.241160;20250715;0;0;searching
20250715_153713.566417;20250715;45.87088833;8.979008333;locked
20250715_153713.886511;20250715;0;0;searching
20250715_153714.215045;20250715;0;0;searching
20250715_153714.535948;20250715;0;0;searching
20250715_153714.864678;20250715;0;0;searching
20250715_153715.193788;20250715;0;0;searching
20250715_153715.521464;20250715;45.87088833;8.979008333;locked
20250715_153715.845416;20250715;0;0;searching
20250715_153716.170008;20250715;0;0;searching
20250715_153716.498796;20250715;0;0;searching
20250715_153716.838523;20250715;0;0;searching
20250715_153717.171005;20250715;0;0;searching
20250715_153717.487956;20250715;45.87088833;8.979008333;locked
20250715_153717.821293;20250715;0;0;searching
20250715_153718.145257;20250715;0;0;searching
20250715_153718.469344;20250715;0;0;searching
20250715_153718.793019;20250715;0;0;searching
20250715_153719.123125;20250715;0;0;searching
20250715_153719.451800;20250715;45.87088833;8.979008333;locked
20250715_153719.781953;20250715;0;0;searching
20250715_153720.103787;20250715;0;0;searching
20250715_153720.436980;20250715;0;0;searching
20250715_153720.765680;20250715;0;0;searching
20250715_153721.086297;20250715;0;0;searching
20250715_153721.409230;20250715;45.87088833;8.979008333;locked
20250715_153721.746509;20250715;0;0;searching
20250715_153722.077160;20250715;0;0;searching
20250715_153722.404125;20250715;0;0;searching
20250715_153722.744675;20250715;0;0;searching
20250715_153723.075356;20250715;0;0;searching
20250715_153723.401474;20250715;45.87088833;8.979008333;locked
20250715_153723.725865;20250715;0;0;searching
20250715_153724.052201;20250715;0;0;searching
20250715_153724.374017;20250715;0;0;searching
20250715_153724.695989;20250715;0;0;searching
20250715_153725.018279;20250715;0;0;searching
20250715_153725.344054;20250715;45.87088833;8.979008333;locked
20250715_153725.665997;20250715;0;0;searching
20250715_153725.990045;20250715;0;0;searching
20250715_153726.309550;20250715;0;0;searching
20250715_153726.698677;20250715;0;0;searching
20250715_153727.047266;20250715;0;0;searching
20250715_153727.376456;20250715;45.87087833;8.97896;locked
20250715_153727.705910;20250715;0;0;searching
20250715_153728.032008;20250715;0;0;searching
20250715_153728.352883;20250715;0;0;searching
20250715_153728.677348;20250715;0;0;searching
20250715_153729.000850;20250715;0;0;searching
20250715_153729.334669;20250715;45.87087167;8.978945;locked
20250715_153729.655320;20250715;0;0;searching
20250715_153729.979235;20250715;0;0;searching
20250715_153730.307725;20250715;0;0;searching
20250715_153730.633327;20250715;0;0;searching
20250715_153730.958685;20250715;0;0;searching
20250715_153731.283072;20250715;45.87087167;8.978925;locked
20250715_153731.630464;20250715;0;0;searching
20250715_153731.959616;20250715;0;0;searching
20250715_153732.288443;20250715;0;0;searching
20250715_153732.621966;20250715;0;0;searching
20250715_153732.954331;20250715;0;0;searching
20250715_153733.282853;20250715;45.87087167;8.978908333;locked
20250715_153733.618665;20250715;0;0;searching
20250715_153733.945530;20250715;0;0;searching
20250715_153734.276197;20250715;0;0;searching
20250715_153734.607424;20250715;0;0;searching
20250715_153734.932845;20250715;0;0;searching
20250715_153735.260864;20250715;45.87087333;8.978888333;locked
20250715_153735.593691;20250715;0;0;searching
20250715_153735.917373;20250715;0;0;searching
20250715_153736.241083;20250715;0;0;searching
20250715_153736.577916;20250715;0;0;searching
20250715_153736.905990;20250715;0;0;searching
20250715_153737.234222;20250715;45.87087;8.978871667;locked
20250715_153737.575073;20250715;0;0;searching
20250715_153737.904981;20250715;0;0;searching
20250715_153738.237310;20250715;0;0;searching
20250715_153738.564090;20250715;0;0;searching
20250715_153738.888135;20250715;0;0;searching
20250715_153739.213840;20250715;45.87087167;8.978853333;locked
20250715_153739.538630;20250715;0;0;searching
20250715_153739.865219;20250715;0;0;searching
20250715_153740.191094;20250715;0;0;searching
20250715_153740.516735;20250715;0;0;searching
20250715_153740.840723;20250715;0;0;searching
20250715_153741.170915;20250715;45.87087;8.978838333;locked
20250715_153741.499255;20250715;0;0;searching
20250715_153741.836374;20250715;0;0;searching
20250715_153742.163892;20250715;0;0;searching
20250715_153742.503886;20250715;0;0;searching
20250715_153742.843009;20250715;0;0;searching
20250715_153743.176279;20250715;45.87087167;8.978831667;locked
20250715_153743.499481;20250715;0;0;searching
20250715_153743.833142;20250715;0;0;searching
20250715_153744.163707;20250715;0;0;searching
20250715_153744.496052;20250715;0;0;searching
20250715_153744.818841;20250715;0;0;searching
20250715_153745.144200;20250715;45.870875;8.97884;locked
20250715_153745.474725;20250715;0;0;searching
20250715_153745.797833;20250715;0;0;searching
20250715_153746.122550;20250715;0;0;searching
20250715_153746.448234;20250715;0;0;searching
20250715_153746.791156;20250715;0;0;searching
20250715_153747.116042;20250715;45.870875;8.978836667;locked
20250715_153747.442068;20250715;0;0;searching
20250715_153747.766279;20250715;0;0;searching
20250715_153748.088240;20250715;0;0;searching
20250715_153748.411944;20250715;0;0;searching
20250715_153748.733091;20250715;0;0;searching
20250715_153749.055475;20250715;45.87088;8.978831667;locked
20250715_153749.381497;20250715;0;0;searching
20250715_153749.722768;20250715;0;0;searching
20250715_153750.045149;20250715;0;0;searching
20250715_153750.380158;20250715;0;0;searching
20250715_153750.707107;20250715;0;0;searching
20250715_153751.030058;20250715;45.87087667;8.97882;locked
20250715_153751.355962;20250715;0;0;searching
20250715_153751.696693;20250715;0;0;searching
20250715_153752.022780;20250715;0;0;searching
20250715_153752.345643;20250715;0;0;searching
20250715_153752.668359;20250715;0;0;searching
20250715_153752.990755;20250715;45.87087833;8.978811667;locked
20250715_153753.310911;20250715;0;0;searching
20250715_153753.635969;20250715;0;0;searching
20250715_153753.958178;20250715;0;0;searching
20250715_153754.281196;20250715;0;0;searching
20250715_153754.609968;20250715;0;0;searching
20250715_153754.988952;20250715;45.87088333;8.978813333;locked
20250715_153755.346459;20250715;0;0;searching
20250715_153755.674054;20250715;0;0;searching
20250715_153756.002575;20250715;0;0;searching
20250715_153756.331155;20250715;0;0;searching
20250715_153756.679589;20250715;0;0;searching
20250715_153757.009719;20250715;45.87088333;8.97882;locked
20250715_153757.344357;20250715;0;0;searching
20250715_153757.670898;20250715;0;0;searching
20250715_153757.995478;20250715;0;0;searching
20250715_153758.321231;20250715;0;0;searching
20250715_153758.653673;20250715;0;0;searching
20250715_153758.974154;20250715;45.87087333;8.978841667;locked
20250715_153759.302607;20250715;0;0;searching
20250715_153759.638828;20250715;0;0;searching
20250715_153759.960436;20250715;0;0;searching
20250715_153800.298706;20250715;0;0;searching
20250715_153800.628330;20250715;0;0;searching
20250715_153800.956949;20250715;45.87087667;8.97885;locked
20250715_153801.294810;20250715;0;0;searching
20250715_153801.640627;20250715;0;0;searching
20250715_153801.963872;20250715;0;0;searching
20250715_153802.293623;20250715;0;0;searching
20250715_153802.628739;20250715;0;0;searching
20250715_153802.960678;20250715;45.87087667;8.97885;locked
20250715_153803.286842;20250715;0;0;searching
20250715_153803.614891;20250715;0;0;searching
20250715_153803.935431;20250715;0;0;searching
20250715_153804.258740;20250715;0;0;searching
20250715_153804.583474;20250715;0;0;searching
20250715_153804.913194;20250715;45.87087667;8.97885;locked
20250715_153805.246797;20250715;0;0;searching
20250715_153805.578299;20250715;0;0;searching
20250715_153805.901987;20250715;0;0;searching
20250715_153806.230762;20250715;0;0;searching
20250715_153806.576114;20250715;0;0;searching
20250715_153806.906934;20250715;45.87087667;8.97885;locked
20250715_153807.238121;20250715;0;0;searching
20250715_153807.585856;20250715;0;0;searching
20250715_153807.912591;20250715;0;0;searching
20250715_153808.241105;20250715;0;0;searching
20250715_153808.569750;20250715;0;0;searching
20250715_153808.893217;20250715;45.87087667;8.97885;locked
20250715_153809.223559;20250715;0;0;searching
20250715_153809.561726;20250715;0;0;searching
20250715_153809.892766;20250715;0;0;searching
20250715_153810.239059;20250715;0;0;searching
20250715_153810.569405;20250715;0;0;searching
20250715_153810.899041;20250715;45.87087667;8.97885;locked
20250715_153811.225889;20250715;0;0;searching
20250715_153811.569631;20250715;0;0;searching
20250715_153811.905373;20250715;0;0;searching
20250715_153812.234258;20250715;0;0;searching
20250715_153812.561410;20250715;0;0;searching
20250715_153812.885522;20250715;45.87087667;8.97885;locked
20250715_153813.217245;20250715;0;0;searching
20250715_153813.543384;20250715;0;0;searching
20250715_153813.877101;20250715;0;0;searching
20250715_153814.207417;20250715;0;0;searching
20250715_153814.540730;20250715;0;0;searching
20250715_153814.865141;20250715;45.87087667;8.97885;locked
20250715_153815.195885;20250715;0;0;searching
20250715_153815.530148;20250715;0;0;searching
20250715_153815.865046;20250715;0;0;searching
20250715_153816.190700;20250715;0;0;searching
20250715_153816.528505;20250715;0;0;searching
20250715_153816.875310;20250715;45.87087667;8.97885;locked
20250715_153817.204368;20250715;0;0;searching
20250715_153817.543733;20250715;0;0;searching
20250715_153817.872300;20250715;0;0;searching
20250715_153818.203631;20250715;0;0;searching
20250715_153818.532242;20250715;0;0;searching
20250715_153818.859575;20250715;45.87087667;8.97885;locked
20250715_153819.242593;20250715;0;0;searching
20250715_153819.586024;20250715;0;0;searching
20250715_153819.915917;20250715;0;0;searching
20250715_153820.240965;20250715;0;0;searching
20250715_153820.568580;20250715;0;0;searching
20250715_153820.891998;20250715;45.87087667;8.97885;locked
20250715_153821.222843;20250715;0;0;searching
20250715_153821.565332;20250715;0;0;searching
20250715_153821.880788;20250715;0;0;searching
20250715_153822.196402;20250715;0;0;searching
20250715_153822.518957;20250715;0;0;searching
20250715_153822.840626;20250715;45.87087667;8.97885;locked
20250715_153823.162295;20250715;0;0;searching
20250715_153823.489702;20250715;0;0;searching
20250715_153823.810230;20250715;0;0;searching
20250715_153824.140211;20250715;0;0;searching
20250715_153824.479414;20250715;0;0;searching
20250715_153824.802662;20250715;45.87087667;8.97885;locked
20250715_153825.127213;20250715;0;0;searching
20250715_153825.458553;20250715;0;0;searching
20250715_153825.787138;20250715;0;0;searching
20250715_153826.108567;20250715;0;0;searching
20250715_153826.431571;20250715;0;0;searching
20250715_153826.769874;20250715;45.87082167;8.978965;locked
20250715_153827.092145;20250715;0;0;searching
20250715_153827.416093;20250715;0;0;searching
20250715_153827.740362;20250715;0;0;searching
20250715_153828.063023;20250715;0;0;searching
20250715_153828.383439;20250715;0;0;searching
20250715_153828.704629;20250715;45.87081167;8.978978333;locked
20250715_153829.024461;20250715;0;0;searching
20250715_153829.347069;20250715;0;0;searching
20250715_153829.667300;20250715;0;0;searching
20250715_153829.995291;20250715;0;0;searching
20250715_153830.334646;20250715;0;0;searching
20250715_153830.664654;20250715;45.87080167;8.978986667;locked
20250715_153830.987881;20250715;0;0;searching
20250715_153831.319262;20250715;0;0;searching
20250715_153831.657331;20250715;0;0;searching
20250715_153831.984630;20250715;0;0;searching
20250715_153832.305781;20250715;0;0;searching
20250715_153832.630431;20250715;45.87079167;8.979008333;locked
20250715_153832.960653;20250715;0;0;searching
20250715_153833.283238;20250715;0;0;searching
20250715_153833.610367;20250715;0;0;searching
20250715_153833.970140;20250715;0;0;searching
20250715_153834.363625;20250715;0;0;searching
20250715_153834.749164;20250715;45.87078167;8.979036667;locked
20250715_153835.587906;20250715;0;0;searching
20250715_153836.443272;20250715;0;0;searching
20250715_153836.999706;20250715;0;0;searching
20250715_153837.418723;20250715;0;0;searching
20250715_153838.292756;20250715;0;0;searching
20250715_153839.488513;20250715;45.87078;8.979045;locked
20250715_153839.837768;20250715;0;0;searching
20250715_153840.180885;20250715;0;0;searching
20250715_153840.529221;20250715;0;0;searching
20250715_153840.874277;20250715;0;0;searching
20250715_153841.429448;20250715;0;0;searching
20250715_153842.095271;20250715;45.87077833;8.979056667;locked
20250715_153842.762211;20250715;0;0;searching
20250715_153843.483901;20250715;0;0;searching
20250715_153844.229003;20250715;0;0;searching
20250715_153845.972753;20250715;0;0;searching
20250715_153847.548876;20250715;0;0;searching
20250715_153848.777420;20250715;45.87079167;8.979118333;locked
20250715_153850.138716;20250715;0;0;searching
20250715_153851.052841;20250715;0;0;searching
20250715_153852.010206;20250715;0;0;searching
20250715_153852.916651;20250715;0;0;searching
20250715_153853.791575;20250715;0;0;searching
20250715_153854.747457;20250715;45.87079833;8.979146667;locked
20250715_153855.778522;20250715;0;0;searching
20250715_153856.712558;20250715;0;0;searching
20250715_153857.411057;20250715;0;0;searching
20250715_153858.278897;20250715;0;0;searching
20250715_153858.818502;20250715;0;0;searching
20250715_153859.158689;20250715;45.87080333;8.979158333;locked
20250715_153859.493888;20250715;0;0;searching
20250715_153859.851758;20250715;0;0;searching
20250715_153900.201362;20250715;0;0;searching
20250715_153900.543802;20250715;0;0;searching
20250715_153900.882102;20250715;0;0;searching
20250715_153901.229954;20250715;45.87080333;8.979176667;locked
20250715_153901.572929;20250715;0;0;searching
20250715_153901.909626;20250715;0;0;searching
20250715_153902.243280;20250715;0;0;searching
20250715_153902.582260;20250715;0;0;searching
20250715_153902.928346;20250715;0;0;searching
20250715_153903.270075;20250715;45.870805;8.9792;locked
20250715_153903.596962;20250715;0;0;searching
20250715_153903.928360;20250715;0;0;searching
20250715_153904.265009;20250715;0;0;searching
20250715_153904.601100;20250715;0;0;searching
20250715_153904.922105;20250715;0;0;searching
20250715_153905.235429;20250715;45.87080167;8.979216667;locked
20250715_153905.548574;20250715;0;0;searching
20250715_153905.861200;20250715;0;0;searching
20250715_153906.184251;20250715;0;0;searching
20250715_153906.503861;20250715;0;0;searching
20250715_153906.832341;20250715;0;0;searching
20250715_153907.246325;20250715;45.87079667;8.979231667;locked
20250715_153907.556303;20250715;0;0;searching
20250715_153907.888625;20250715;0;0;searching
20250715_153908.201221;20250715;0;0;searching
20250715_153908.618264;20250715;0;0;searching
20250715_153908.931797;20250715;0;0;searching
20250715_153909.248126;20250715;45.87079333;8.979245;locked
20250715_153909.567252;20250715;0;0;searching
20250715_153909.879617;20250715;0;0;searching
20250715_153910.253368;20250715;0;0;searching
20250715_153910.594162;20250715;0;0;searching
20250715_153910.934000;20250715;0;0;searching
20250715_153911.242687;20250715;45.87079167;8.979258333;locked
20250715_153911.558607;20250715;0;0;searching
20250715_153911.871336;20250715;0;0;searching
20250715_153912.182334;20250715;0;0;searching
20250715_153912.490005;20250715;0;0;searching
20250715_153912.791723;20250715;0;0;searching
20250715_153913.205461;20250715;45.87078667;8.979271667;locked
20250715_153913.621971;20250715;0;0;searching
20250715_153913.933313;20250715;0;0;searching
20250715_153914.247519;20250715;0;0;searching
20250715_153914.559715;20250715;0;0;searching
20250715_153914.874701;20250715;0;0;searching
20250715_153915.188851;20250715;45.87078667;8.979281667;locked
20250715_153915.506219;20250715;0;0;searching
20250715_153915.838547;20250715;0;0;searching
20250715_153916.164949;20250715;0;0;searching
20250715_153916.491018;20250715;0;0;searching
20250715_153916.823668;20250715;0;0;searching
20250715_153917.150416;20250715;45.87078667;8.979291667;locked
20250715_153917.467471;20250715;0;0;searching
20250715_153917.797089;20250715;0;0;searching
20250715_153918.120032;20250715;0;0;searching
20250715_153918.450692;20250715;0;0;searching
20250715_153918.783550;20250715;0;0;searching
20250715_153919.113543;20250715;45.87078667;8.979301667;locked
20250715_153919.434743;20250715;0;0;searching
20250715_153919.755582;20250715;0;0;searching
20250715_153920.175373;20250715;0;0;searching
20250715_153920.506134;20250715;0;0;searching
20250715_153920.835451;20250715;0;0;searching
20250715_153921.167163;20250715;45.87079;8.97931;locked
20250715_153921.483657;20250715;0;0;searching
20250715_153921.827766;20250715;0;0;searching
20250715_153922.144541;20250715;0;0;searching
20250715_153922.470722;20250715;0;0;searching
20250715_153922.801474;20250715;0;0;searching
20250715_153923.116412;20250715;45.87079333;8.979318333;locked
20250715_153923.431572;20250715;0;0;searching
20250715_153923.751846;20250715;0;0;searching
20250715_153924.061975;20250715;0;0;searching
20250715_153924.375634;20250715;0;0;searching
20250715_153924.685357;20250715;0;0;searching
20250715_153925.002043;20250715;45.87079833;8.979326667;locked
20250715_153925.315422;20250715;0;0;searching
20250715_153925.630397;20250715;0;0;searching
20250715_153925.931437;20250715;0;0;searching
20250715_153926.240054;20250715;0;0;searching
20250715_153926.572863;20250715;0;0;searching
20250715_153926.890282;20250715;45.87079833;8.979338333;locked
20250715_153927.205807;20250715;0;0;searching
20250715_153927.525832;20250715;0;0;searching
20250715_153927.835232;20250715;0;0;searching
20250715_153928.153209;20250715;0;0;searching
20250715_153928.456838;20250715;0;0;searching
20250715_153928.771240;20250715;45.87079833;8.979351667;locked
20250715_153929.078103;20250715;0;0;searching
20250715_153929.389045;20250715;0;0;searching
20250715_153929.692982;20250715;0;0;searching
20250715_153930.018630;20250715;0;0;searching
20250715_153930.330979;20250715;0;0;searching
20250715_153930.638613;20250715;45.8708;8.979365;locked
20250715_153930.942354;20250715;0;0;searching
20250715_153931.257019;20250715;0;0;searching
20250715_153931.559802;20250715;0;0;searching
20250715_153931.863310;20250715;0;0;searching
20250715_153932.178490;20250715;0;0;searching
20250715_153932.580631;20250715;45.8708;8.979378333;locked
20250715_153932.917395;20250715;0;0;searching
20250715_153933.294708;20250715;0;0;searching
20250715_153933.660794;20250715;0;0;searching
20250715_153933.966281;20250715;0;0;searching
20250715_153934.346893;20250715;0;0;searching
20250715_153934.657818;20250715;45.87080167;8.979388333;locked
20250715_153934.973392;20250715;0;0;searching
20250715_153935.295606;20250715;0;0;searching
20250715_153935.644525;20250715;0;0;searching
20250715_153935.949008;20250715;0;0;searching
20250715_153936.252507;20250715;0;0;searching
20250715_153936.575513;20250715;45.87080167;8.979396667;locked
20250715_153936.882663;20250715;0;0;searching
20250715_153937.301552;20250715;0;0;searching
20250715_153937.625077;20250715;0;0;searching
20250715_153937.959887;20250715;0;0;searching
20250715_153938.293356;20250715;0;0;searching
20250715_153938.593660;20250715;45.87080333;8.979406667;locked
20250715_153938.896256;20250715;0;0;searching
20250715_153939.204038;20250715;0;0;searching
20250715_153939.542178;20250715;0;0;searching
20250715_153939.957302;20250715;0;0;searching